timestamp,gpu_util,fb_used,fb_free,temperature,power_usage,energy_consumption
2025-08-31T23:41:30.559614,0.0,84242.0,11107.0,47.0,131.147,532048740305.0
2025-08-31T23:41:30.658054,0.0,84242.0,11107.0,47.0,131.105,532048753398.0
2025-08-31T23:41:30.757865,0.0,84242.0,11107.0,47.0,131.158,532048766524.0
2025-08-31T23:41:30.857909,0.0,84242.0,11107.0,47.0,131.154,532048779626.0
2025-08-31T23:41:30.958008,0.0,84242.0,11107.0,47.0,131.145,532048792756.0
2025-08-31T23:41:31.057755,0.0,84242.0,11107.0,47.0,131.189,532048805838.0
2025-08-31T23:41:31.158031,0.0,84242.0,11107.0,47.0,131.186,532048818965.0
2025-08-31T23:41:31.258062,0.0,84242.0,11107.0,47.0,131.223,532048832074.0
2025-08-31T23:41:31.358059,0.0,84242.0,11107.0,47.0,131.17,532048845204.0
2025-08-31T23:41:31.457977,0.0,84242.0,11107.0,47.0,131.205,532048858288.0
2025-08-31T23:41:31.558049,0.0,84242.0,11107.0,47.0,131.205,532048858288.0
2025-08-31T23:41:31.658116,0.0,84242.0,11107.0,47.0,131.195,532048871416.0
2025-08-31T23:41:31.757884,0.0,84242.0,11107.0,47.0,131.226,532048884524.0
2025-08-31T23:41:31.857444,0.0,84242.0,11107.0,47.0,131.165,532048897654.0
2025-08-31T23:41:31.958079,0.0,84242.0,11107.0,47.0,131.142,532048910717.0
2025-08-31T23:41:32.057665,0.0,84242.0,11107.0,47.0,131.152,532048936921.0
2025-08-31T23:41:32.158021,0.0,84242.0,11107.0,47.0,131.125,532048950015.0
2025-08-31T23:41:32.258055,0.0,84242.0,11107.0,47.0,131.138,532048963134.0
2025-08-31T23:41:32.358111,0.0,84242.0,11107.0,47.0,131.074,532048976206.0
2025-08-31T23:41:32.458090,0.0,84242.0,11107.0,47.0,131.103,532048989332.0
2025-08-31T23:41:32.558092,0.0,84242.0,11107.0,47.0,131.052,532049002415.0
2025-08-31T23:41:32.658053,0.0,84242.0,11107.0,47.0,131.076,532049015532.0
2025-08-31T23:41:32.757459,0.0,84242.0,11107.0,47.0,130.999,532049028602.0
2025-08-31T23:41:32.857512,0.0,84242.0,11107.0,47.0,131.065,532049041723.0
2025-08-31T23:41:32.957939,0.0,84242.0,11107.0,47.0,131.09,532049054805.0
2025-08-31T23:41:33.058156,0.0,84242.0,11107.0,47.0,131.092,532049067927.0
2025-08-31T23:41:33.158116,0.0,84242.0,11107.0,47.0,131.096,532049081012.0
2025-08-31T23:41:33.258242,0.0,84242.0,11107.0,47.0,131.087,532049094146.0
2025-08-31T23:41:33.358061,0.0,84242.0,11107.0,47.0,131.111,532049107223.0
2025-08-31T23:41:33.458076,0.0,84242.0,11107.0,47.0,131.067,532049120345.0
2025-08-31T23:41:33.558119,0.0,84242.0,11107.0,47.0,131.123,532049133473.0
2025-08-31T23:41:33.658084,0.0,84242.0,11107.0,47.0,131.112,532049146581.0
2025-08-31T23:41:33.758230,0.0,84242.0,11107.0,47.0,131.104,532049159703.0
2025-08-31T23:41:33.858054,0.0,84242.0,11107.0,47.0,131.05,532049172747.0
2025-08-31T23:41:33.958281,0.0,84242.0,11107.0,47.0,131.063,532049185879.0
2025-08-31T23:41:34.058148,0.0,84242.0,11107.0,47.0,131.058,532049198949.0
2025-08-31T23:41:34.158195,0.0,84242.0,11107.0,47.0,131.069,532049212057.0
2025-08-31T23:41:34.258119,0.0,84242.0,11107.0,47.0,131.121,532049225135.0
2025-08-31T23:41:34.358103,0.0,84242.0,11107.0,47.0,131.121,532049225135.0
2025-08-31T23:41:34.458202,0.0,84242.0,11107.0,47.0,131.073,532049238262.0
2025-08-31T23:41:34.558219,0.0,84242.0,11107.0,47.0,131.093,532049251327.0
2025-08-31T23:41:34.658080,0.0,84242.0,11107.0,47.0,131.03,532049264447.0
2025-08-31T23:41:34.758031,0.0,84242.0,11107.0,47.0,131.066,532049277517.0
2025-08-31T23:41:34.858231,0.0,84242.0,11107.0,47.0,131.09,532049303750.0
2025-08-31T23:41:34.958273,0.0,84242.0,11107.0,47.0,131.117,532049316881.0
2025-08-31T23:41:35.058188,0.0,84242.0,11107.0,47.0,131.131,532049329995.0
2025-08-31T23:41:35.158176,0.0,84242.0,11107.0,47.0,131.158,532049343117.0
2025-08-31T23:41:35.258092,0.0,84242.0,11107.0,47.0,131.166,532049356217.0
2025-08-31T23:41:35.358033,0.0,84242.0,11107.0,47.0,131.13,532049369314.0
2025-08-31T23:41:35.458073,0.0,84242.0,11107.0,47.0,131.191,532049382437.0
2025-08-31T23:41:35.558069,0.0,84242.0,11107.0,47.0,131.141,532049395534.0
2025-08-31T23:41:35.658044,0.0,84242.0,11107.0,47.0,131.212,532049408681.0
2025-08-31T23:41:35.758103,0.0,84242.0,11107.0,47.0,131.179,532049421764.0
2025-08-31T23:41:35.858037,0.0,84242.0,11107.0,47.0,131.189,532049434892.0
2025-08-31T23:41:35.958080,0.0,84242.0,11107.0,47.0,131.18,532049447998.0
2025-08-31T23:41:36.058184,0.0,84242.0,11107.0,47.0,131.15,532049461127.0
2025-08-31T23:41:36.158181,0.0,84242.0,11107.0,47.0,131.165,532049474213.0
2025-08-31T23:41:36.258180,0.0,84242.0,11107.0,47.0,131.139,532049487299.0
2025-08-31T23:41:36.358092,0.0,84242.0,11107.0,47.0,131.193,532049500407.0
2025-08-31T23:41:36.458142,0.0,84242.0,11107.0,47.0,131.131,532049513504.0
2025-08-31T23:41:36.558103,0.0,84242.0,11107.0,47.0,131.176,532049526618.0
2025-08-31T23:41:36.658294,0.0,84242.0,11107.0,47.0,131.035,532049539658.0
2025-08-31T23:41:36.758265,0.0,84242.0,11107.0,47.0,131.032,532049552748.0
2025-08-31T23:41:36.858179,0.0,84242.0,11107.0,47.0,130.969,532049565819.0
2025-08-31T23:41:36.958328,0.0,84242.0,11107.0,47.0,130.952,532049565819.0
2025-08-31T23:41:37.058209,0.0,84242.0,11107.0,47.0,130.978,532049578921.0
2025-08-31T23:41:37.158168,0.0,84242.0,11107.0,47.0,131.0,532049592015.0
2025-08-31T23:41:37.258186,0.0,84242.0,11107.0,47.0,131.066,532049605174.0
2025-08-31T23:41:37.358232,0.0,84242.0,11107.0,47.0,131.053,532049618263.0
2025-08-31T23:41:37.458152,0.0,84242.0,11107.0,47.0,131.095,532049644489.0
2025-08-31T23:41:37.558173,0.0,84242.0,11107.0,47.0,131.082,532049657633.0
2025-08-31T23:41:37.658053,0.0,84242.0,11107.0,47.0,131.199,532049670732.0
2025-08-31T23:41:37.757938,0.0,84242.0,11107.0,47.0,131.201,532049683891.0
2025-08-31T23:41:37.857985,0.0,84242.0,11107.0,47.0,131.29,532049696986.0
2025-08-31T23:41:37.958147,0.0,84242.0,11107.0,47.0,131.257,532049710134.0
2025-08-31T23:41:38.058224,0.0,84242.0,11107.0,47.0,131.309,532049723238.0
2025-08-31T23:41:38.158243,0.0,84242.0,11107.0,47.0,131.215,532049736356.0
2025-08-31T23:41:38.258205,0.0,84242.0,11107.0,47.0,131.233,532049749456.0
2025-08-31T23:41:38.358246,0.0,84242.0,11107.0,47.0,131.19,532049762557.0
2025-08-31T23:41:38.458568,0.0,84242.0,11107.0,47.0,131.28,532049775701.0
2025-08-31T23:41:38.557834,0.0,84242.0,11107.0,47.0,131.208,532049788809.0
2025-08-31T23:41:38.658443,0.0,84242.0,11107.0,47.0,131.223,532049801925.0
2025-08-31T23:41:38.758140,0.0,84242.0,11107.0,47.0,131.162,532049815000.0
2025-08-31T23:41:38.858198,0.0,84242.0,11107.0,47.0,131.133,532049828112.0
2025-08-31T23:41:38.958312,0.0,84242.0,11107.0,47.0,131.133,532049841194.0
2025-08-31T23:41:39.058165,0.0,84242.0,11107.0,47.0,131.076,532049854316.0
2025-08-31T23:41:39.158255,0.0,84242.0,11107.0,47.0,131.159,532049867400.0
2025-08-31T23:41:39.258257,0.0,84242.0,11107.0,47.0,131.126,532049880528.0
2025-08-31T23:41:39.358229,0.0,84242.0,11107.0,47.0,131.176,532049893649.0
2025-08-31T23:41:39.458188,0.0,84242.0,11107.0,47.0,131.079,532049906751.0
2025-08-31T23:41:39.558100,0.0,84242.0,11107.0,47.0,131.16,532049919876.0
2025-08-31T23:41:39.658191,0.0,84242.0,11107.0,47.0,131.16,532049932994.0
2025-08-31T23:41:39.758205,0.0,84242.0,11107.0,47.0,131.127,532049932994.0
2025-08-31T23:41:39.858206,0.0,84242.0,11107.0,47.0,131.167,532049946112.0
2025-08-31T23:41:39.958069,0.0,84242.0,11107.0,47.0,131.19,532049959194.0
2025-08-31T23:41:40.057886,0.0,84242.0,11107.0,47.0,131.234,532049972361.0
2025-08-31T23:41:40.157994,0.0,84242.0,11107.0,47.0,131.292,532049998611.0
2025-08-31T23:41:40.258240,0.0,84242.0,11107.0,47.0,131.218,532050011688.0
2025-08-31T23:41:40.358186,0.0,84242.0,11107.0,47.0,131.269,532050024847.0
2025-08-31T23:41:40.458176,0.0,84242.0,11107.0,47.0,131.236,532050037929.0
2025-08-31T23:41:40.558130,0.0,84242.0,11107.0,47.0,131.245,532050051041.0
2025-08-31T23:41:40.658180,0.0,84242.0,11107.0,47.0,131.188,532050064104.0
2025-08-31T23:41:40.758175,0.0,84242.0,11107.0,47.0,131.222,532050077237.0
2025-08-31T23:41:40.858154,0.0,84242.0,11107.0,47.0,131.192,532050090312.0
2025-08-31T23:41:40.957955,0.0,84242.0,11107.0,47.0,131.15,532050103425.0
2025-08-31T23:41:41.058022,0.0,84242.0,11107.0,47.0,131.168,532050116529.0
2025-08-31T23:41:41.158205,0.0,84242.0,11107.0,47.0,131.111,532050129646.0
2025-08-31T23:41:41.258245,0.0,84242.0,11107.0,47.0,131.135,532050142747.0
2025-08-31T23:41:41.357532,0.0,84242.0,11107.0,47.0,131.08,532050155853.0
2025-08-31T23:41:41.458164,0.0,84242.0,11107.0,47.0,131.142,532050168970.0
2025-08-31T23:41:41.558128,0.0,84242.0,11107.0,47.0,131.137,532050182093.0
2025-08-31T23:41:41.658244,0.0,84242.0,11107.0,47.0,131.158,532050195209.0
2025-08-31T23:41:41.758231,0.0,84242.0,11107.0,47.0,131.19,532050208321.0
2025-08-31T23:41:41.858120,0.0,84242.0,11107.0,47.0,131.204,532050221471.0
2025-08-31T23:41:41.958226,0.0,84242.0,11107.0,47.0,131.239,532050234577.0
2025-08-31T23:41:42.058202,0.0,84242.0,11107.0,47.0,131.192,532050247719.0
2025-08-31T23:41:42.158205,0.0,84242.0,11107.0,47.0,131.252,532050260791.0
2025-08-31T23:41:42.258008,0.0,84242.0,11107.0,47.0,131.248,532050273938.0
2025-08-31T23:41:42.358222,0.0,84242.0,11107.0,47.0,131.265,532050287024.0
2025-08-31T23:41:42.458075,0.0,84242.0,11107.0,47.0,131.265,532050287024.0
2025-08-31T23:41:42.558022,0.0,84242.0,11107.0,47.0,131.232,532050300145.0
2025-08-31T23:41:42.658299,0.0,84242.0,11107.0,47.0,131.321,532050313272.0
2025-08-31T23:41:42.758474,0.0,84242.0,11107.0,47.0,131.272,532050326423.0
2025-08-31T23:41:42.857557,0.0,84242.0,11107.0,47.0,131.28,532050339515.0
2025-08-31T23:41:42.958294,0.0,84242.0,11107.0,47.0,131.321,532050365809.0
2025-08-31T23:41:43.058235,0.0,84242.0,11107.0,47.0,131.29,532050378905.0
2025-08-31T23:41:43.158349,0.0,84242.0,11107.0,47.0,131.373,532050392061.0
2025-08-31T23:41:43.258192,0.0,84242.0,11107.0,47.0,131.269,532050405119.0
2025-08-31T23:41:43.358348,0.0,84242.0,11107.0,47.0,131.323,532050418240.0
2025-08-31T23:41:43.458252,0.0,84242.0,11107.0,47.0,131.24,532050431298.0
2025-08-31T23:41:43.558285,0.0,84242.0,11107.0,47.0,131.25,532050444432.0
2025-08-31T23:41:43.658257,0.0,84242.0,11107.0,47.0,131.22,532050457554.0
2025-08-31T23:41:43.758277,0.0,84242.0,11107.0,47.0,131.267,532050470687.0
2025-08-31T23:41:43.858212,0.0,84242.0,11107.0,47.0,131.24,532050483766.0
2025-08-31T23:41:43.958261,0.0,84242.0,11107.0,47.0,131.156,532050496880.0
2025-08-31T23:41:44.058214,0.0,84242.0,11107.0,47.0,131.213,532050510009.0
2025-08-31T23:41:44.158014,0.0,84242.0,11107.0,47.0,131.199,532050523156.0
2025-08-31T23:41:44.257609,0.0,84242.0,11107.0,47.0,131.247,532050536275.0
2025-08-31T23:41:44.358231,0.0,84242.0,11107.0,47.0,131.221,532050549368.0
2025-08-31T23:41:44.458167,0.0,84242.0,11107.0,47.0,131.332,532050562511.0
2025-08-31T23:41:44.558318,0.0,84242.0,11107.0,47.0,131.245,532050575597.0
2025-08-31T23:41:44.658190,0.0,84242.0,11107.0,47.0,131.233,532050588719.0
2025-08-31T23:41:44.758279,0.0,84242.0,11107.0,47.0,131.185,532050601785.0
2025-08-31T23:41:44.858224,0.0,84242.0,11107.0,47.0,131.202,532050614898.0
2025-08-31T23:41:44.958202,0.0,84242.0,11107.0,47.0,131.215,532050627994.0
2025-08-31T23:41:45.058149,0.0,84242.0,11107.0,47.0,131.17,532050641139.0
2025-08-31T23:41:45.158187,0.0,84242.0,11107.0,47.0,131.151,532050654225.0
2025-08-31T23:41:45.258207,0.0,84242.0,11107.0,47.0,131.151,532050667334.0
2025-08-31T23:41:45.358485,0.0,84242.0,11107.0,47.0,131.143,532050667334.0
2025-08-31T23:41:45.458287,0.0,84242.0,11107.0,47.0,131.129,532050680405.0
2025-08-31T23:41:45.558276,0.0,84242.0,11107.0,47.0,131.049,532050693512.0
2025-08-31T23:41:45.658239,0.0,84242.0,11107.0,47.0,131.118,532050706598.0
2025-08-31T23:41:45.758208,0.0,84242.0,11107.0,47.0,131.103,532050732816.0
2025-08-31T23:41:45.857980,0.0,84242.0,11107.0,47.0,131.158,532050745965.0
2025-08-31T23:41:45.958113,0.0,84242.0,11107.0,47.0,131.177,532050759087.0
2025-08-31T23:41:46.058106,0.0,84242.0,11107.0,47.0,131.147,532050772192.0
2025-08-31T23:41:46.158185,0.0,84242.0,11107.0,47.0,131.18,532050785333.0
2025-08-31T23:41:46.258245,0.0,84242.0,11107.0,47.0,131.215,532050798454.0
2025-08-31T23:41:46.358310,0.0,84242.0,11107.0,47.0,131.287,532050811591.0
2025-08-31T23:41:46.458268,0.0,84242.0,11107.0,47.0,137.41,532050837685.0
2025-08-31T23:41:46.558180,0.0,84242.0,11107.0,55.0,190.873,532050904395.0
2025-08-31T23:41:46.658220,22.0,84242.0,11107.0,59.0,245.285,532050975085.0
2025-08-31T23:41:46.758255,22.0,84242.0,11107.0,60.0,298.99,532051038636.0
2025-08-31T23:41:46.858175,100.0,84242.0,11107.0,61.0,351.188,532051099627.0
2025-08-31T23:41:46.958198,100.0,84242.0,11107.0,60.0,401.845,532051157145.0
2025-08-31T23:41:47.058196,87.0,84242.0,11107.0,63.0,455.513,532051224919.0
2025-08-31T23:41:47.158219,87.0,84242.0,11107.0,63.0,455.513,532051291100.0
2025-08-31T23:41:47.258223,100.0,84242.0,11107.0,64.0,507.886,532051356446.0
2025-08-31T23:41:47.358214,100.0,84242.0,11107.0,66.0,560.78,532051423248.0
2025-08-31T23:41:47.458215,100.0,84242.0,11107.0,64.0,613.113,532051473863.0
2025-08-31T23:41:47.558165,100.0,84242.0,11107.0,59.0,633.843,532051473863.0
2025-08-31T23:41:47.658160,90.0,84242.0,11107.0,58.0,597.731,532051505774.0
2025-08-31T23:41:47.758172,90.0,84242.0,11107.0,58.0,567.082,532051539682.0
2025-08-31T23:41:47.864872,77.0,84242.0,11107.0,57.0,534.347,532051616429.0
2025-08-31T23:41:47.957956,77.0,84242.0,11107.0,63.0,521.179,532051677259.0
2025-08-31T23:41:48.057932,78.0,84242.0,11107.0,62.0,500.083,532051723417.0
2025-08-31T23:41:48.158179,83.0,84242.0,11107.0,59.0,468.665,532051760621.0
2025-08-31T23:41:48.258121,83.0,84242.0,11107.0,63.0,459.38,532051819914.0
2025-08-31T23:41:48.358015,84.0,84242.0,11107.0,59.0,418.736,532051851409.0
2025-08-31T23:41:48.458053,84.0,84242.0,11107.0,57.0,403.42,532051880242.0
2025-08-31T23:41:48.558048,86.0,84242.0,11107.0,56.0,401.507,532051909111.0
2025-08-31T23:41:48.657949,86.0,84242.0,11107.0,55.0,394.219,532051936527.0
2025-08-31T23:41:48.757910,86.0,84242.0,11107.0,54.0,382.224,532051962758.0
2025-08-31T23:41:48.858100,91.0,84242.0,11107.0,57.0,376.299,532051996880.0
2025-08-31T23:41:48.958096,91.0,84242.0,11107.0,61.0,375.907,532051996880.0
2025-08-31T23:41:49.058122,66.0,84242.0,11107.0,63.0,389.708,532052048674.0
2025-08-31T23:41:49.158148,66.0,84242.0,11107.0,63.0,399.413,532052110857.0
2025-08-31T23:41:49.258161,93.0,84242.0,11107.0,66.0,427.3,532052226586.0
2025-08-31T23:41:49.358169,93.0,84242.0,11107.0,67.0,471.685,532052297967.0
2025-08-31T23:41:49.458152,85.0,84242.0,11107.0,65.0,505.49,532052365437.0
2025-08-31T23:41:49.558158,85.0,84242.0,11107.0,66.0,542.466,532052428356.0
2025-08-31T23:41:49.658150,100.0,84242.0,11107.0,67.0,542.466,532052496791.0
2025-08-31T23:41:49.758219,100.0,84242.0,11107.0,68.0,586.281,532052568374.0
2025-08-31T23:41:49.858155,100.0,84242.0,11107.0,63.0,618.06,532052629062.0
2025-08-31T23:41:49.958161,100.0,84242.0,11107.0,61.0,589.071,532052662600.0
2025-08-31T23:41:50.058118,93.0,84242.0,11107.0,60.0,573.687,532052695538.0
2025-08-31T23:41:50.158058,93.0,84242.0,11107.0,60.0,573.687,532052729807.0
2025-08-31T23:41:50.258165,93.0,84242.0,11107.0,60.0,551.87,532052729807.0
2025-08-31T23:41:50.358237,68.0,84242.0,11107.0,58.0,502.1,532052772464.0
2025-08-31T23:41:50.458020,68.0,84242.0,11107.0,55.0,446.046,532052788651.0
2025-08-31T23:41:50.558029,0.0,84242.0,11107.0,54.0,400.669,532052802430.0
2025-08-31T23:41:50.658205,0.0,84242.0,11107.0,59.0,387.665,532052886204.0
2025-08-31T23:41:50.758002,71.0,84242.0,11107.0,60.0,354.133,532052925371.0
2025-08-31T23:41:50.858154,71.0,84242.0,11107.0,61.0,340.559,532052970624.0
2025-08-31T23:41:50.958063,79.0,84242.0,11107.0,63.0,364.152,532053024976.0
2025-08-31T23:41:51.058179,79.0,84242.0,11107.0,59.0,362.131,532053059756.0
2025-08-31T23:41:51.158151,87.0,84242.0,11107.0,57.0,362.131,532053089045.0
2025-08-31T23:41:51.258114,87.0,84242.0,11107.0,57.0,355.269,532053117949.0
2025-08-31T23:41:51.358192,88.0,84242.0,11107.0,56.0,345.411,532053146734.0
2025-08-31T23:41:51.458220,88.0,84242.0,11107.0,55.0,364.779,532053175340.0
2025-08-31T23:41:51.558065,92.0,84242.0,11107.0,55.0,364.916,532053202113.0
2025-08-31T23:41:51.658138,92.0,84242.0,11107.0,54.0,344.968,532053226552.0
2025-08-31T23:41:51.758228,70.0,84242.0,11107.0,59.0,355.021,532053274197.0
2025-08-31T23:41:51.858174,70.0,84242.0,11107.0,61.0,372.845,532053331997.0
2025-08-31T23:41:51.958183,89.0,84242.0,11107.0,64.0,373.725,532053397822.0
2025-08-31T23:41:52.057525,89.0,84242.0,11107.0,64.0,412.834,532053449737.0
2025-08-31T23:41:52.157799,86.0,84242.0,11107.0,65.0,457.269,532053521092.0
2025-08-31T23:41:52.258223,86.0,84242.0,11107.0,66.0,500.396,532053591516.0
2025-08-31T23:41:52.358167,86.0,84242.0,11107.0,66.0,500.396,532053662457.0
2025-08-31T23:41:52.458177,100.0,84242.0,11107.0,66.0,535.79,532053662457.0
2025-08-31T23:41:52.558184,100.0,84242.0,11107.0,67.0,582.991,532053732406.0
2025-08-31T23:41:52.658177,100.0,84242.0,11107.0,68.0,625.832,532053801472.0
2025-08-31T23:41:52.758219,100.0,84242.0,11107.0,69.0,638.733,532053915244.0
2025-08-31T23:41:52.858188,100.0,84242.0,11107.0,63.0,617.041,532053948155.0
2025-08-31T23:41:52.958182,76.0,84242.0,11107.0,61.0,593.215,532053983281.0
2025-08-31T23:41:53.058240,76.0,84242.0,11107.0,60.0,577.044,532054025743.0
2025-08-31T23:41:53.158026,81.0,84242.0,11107.0,62.0,546.45,532054071127.0
2025-08-31T23:41:53.258158,81.0,84242.0,11107.0,65.0,526.744,532054122608.0
2025-08-31T23:41:53.358197,78.0,84242.0,11107.0,64.0,508.877,532054175375.0
2025-08-31T23:41:53.458205,78.0,84242.0,11107.0,62.0,486.637,532054222388.0
2025-08-31T23:41:53.558211,86.0,84242.0,11107.0,63.0,464.708,532054269141.0
2025-08-31T23:41:53.658042,86.0,84242.0,11107.0,59.0,428.907,532054296505.0
2025-08-31T23:41:53.758260,80.0,84242.0,11107.0,58.0,408.401,532054325507.0
2025-08-31T23:41:53.858170,80.0,84242.0,11107.0,57.0,405.881,532054355518.0
2025-08-31T23:41:53.958280,89.0,84242.0,11107.0,56.0,398.51,532054383341.0
2025-08-31T23:41:54.058141,89.0,84242.0,11107.0,55.0,379.287,532054409604.0
2025-08-31T23:41:54.158204,93.0,84242.0,11107.0,55.0,358.849,532054436463.0
2025-08-31T23:41:54.258093,93.0,84242.0,11107.0,60.0,341.817,532054461637.0
2025-08-31T23:41:54.358190,77.0,84242.0,11107.0,60.0,351.219,532054517911.0
2025-08-31T23:41:54.458172,77.0,84242.0,11107.0,60.0,351.219,532054575747.0
2025-08-31T23:41:54.557967,77.0,84242.0,11107.0,64.0,354.048,532054575747.0
2025-08-31T23:41:54.658018,91.0,84242.0,11107.0,64.0,368.296,532054634717.0
2025-08-31T23:41:54.758116,91.0,84242.0,11107.0,65.0,405.404,532054691908.0
2025-08-31T23:41:54.858244,85.0,84242.0,11107.0,66.0,445.277,532054829376.0
2025-08-31T23:41:54.958046,85.0,84242.0,11107.0,68.0,531.853,532054893132.0
2025-08-31T23:41:55.058313,100.0,84242.0,11107.0,68.0,575.15,532054962598.0
2025-08-31T23:41:55.157619,100.0,84242.0,11107.0,67.0,619.549,532055034101.0
2025-08-31T23:41:55.258214,100.0,84242.0,11107.0,68.0,640.778,532055100109.0
2025-08-31T23:41:55.358243,100.0,84242.0,11107.0,64.0,609.76,532055146002.0
2025-08-31T23:41:55.458114,100.0,84242.0,11107.0,62.0,583.282,532055180659.0
2025-08-31T23:41:55.557952,100.0,84242.0,11107.0,61.0,583.282,532055211799.0
2025-08-31T23:41:55.658211,78.0,84242.0,11107.0,61.0,570.812,532055252872.0
2025-08-31T23:41:55.758232,78.0,84242.0,11107.0,61.0,547.405,532055294725.0
2025-08-31T23:41:55.858111,69.0,84242.0,11107.0,63.0,527.7,532055355237.0
2025-08-31T23:41:55.958235,69.0,84242.0,11107.0,61.0,518.614,532055406438.0
2025-08-31T23:41:56.058168,80.0,84242.0,11107.0,64.0,492.057,532055446235.0
2025-08-31T23:41:56.158205,80.0,84242.0,11107.0,62.0,472.743,532055501561.0
2025-08-31T23:41:56.258227,85.0,84242.0,11107.0,59.0,440.31,532055534804.0
2025-08-31T23:41:56.358092,85.0,84242.0,11107.0,58.0,417.048,532055564097.0
2025-08-31T23:41:56.458262,87.0,84242.0,11107.0,58.0,413.187,532055592846.0
2025-08-31T23:41:56.557916,87.0,84242.0,11107.0,58.0,413.187,532055592846.0
2025-08-31T23:41:56.657917,87.0,84242.0,11107.0,57.0,400.89,532055622162.0
2025-08-31T23:41:56.758058,92.0,84242.0,11107.0,56.0,378.76,532055650747.0
2025-08-31T23:41:56.858247,75.0,84242.0,11107.0,61.0,378.105,532055736203.0
2025-08-31T23:41:56.958186,75.0,84242.0,11107.0,64.0,386.284,532055794480.0
2025-08-31T23:41:57.058164,81.0,84242.0,11107.0,65.0,399.622,532055845455.0
2025-08-31T23:41:57.158227,81.0,84242.0,11107.0,65.0,415.801,532055913822.0
2025-08-31T23:41:57.258216,100.0,84242.0,11107.0,66.0,454.944,532055980788.0
2025-08-31T23:41:57.357523,100.0,84242.0,11107.0,66.0,494.181,532056051427.0
2025-08-31T23:41:57.458154,100.0,84242.0,11107.0,67.0,534.445,532056119591.0
2025-08-31T23:41:57.557971,100.0,84242.0,11107.0,67.0,569.689,532056184857.0
2025-08-31T23:41:57.658193,100.0,84242.0,11107.0,69.0,602.664,532056247618.0
2025-08-31T23:41:57.758181,100.0,84242.0,11107.0,63.0,635.441,532056312725.0
2025-08-31T23:41:57.858177,85.0,84242.0,11107.0,62.0,606.881,532056349198.0
2025-08-31T23:41:57.957995,85.0,84242.0,11107.0,62.0,606.881,532056382888.0
2025-08-31T23:41:58.058115,85.0,84242.0,11107.0,61.0,583.965,532056382888.0
2025-08-31T23:41:58.158090,77.0,84242.0,11107.0,64.0,566.822,532056414560.0
2025-08-31T23:41:58.257984,77.0,84242.0,11107.0,62.0,535.56,532056460002.0
2025-08-31T23:41:58.358044,79.0,84242.0,11107.0,65.0,520.949,532056564636.0
2025-08-31T23:41:58.457992,79.0,84242.0,11107.0,64.0,498.561,532056607859.0
2025-08-31T23:41:58.558081,83.0,84242.0,11107.0,64.0,480.154,532056656040.0
2025-08-31T23:41:58.658037,83.0,84242.0,11107.0,62.0,456.022,532056694090.0
2025-08-31T23:41:58.758055,78.0,84242.0,11107.0,59.0,434.845,532056724144.0
2025-08-31T23:41:58.858063,78.0,84242.0,11107.0,58.0,408.442,532056753605.0
2025-08-31T23:41:58.958066,87.0,84242.0,11107.0,58.0,403.339,532056781751.0
2025-08-31T23:41:59.057982,87.0,84242.0,11107.0,58.0,396.187,532056809039.0
2025-08-31T23:41:59.158039,92.0,84242.0,11107.0,57.0,390.473,532056832636.0
2025-08-31T23:41:59.258220,92.0,84242.0,11107.0,56.0,374.692,532056886420.0
2025-08-31T23:41:59.358243,73.0,84242.0,11107.0,62.0,381.494,532056945462.0
2025-08-31T23:41:59.458201,73.0,84242.0,11107.0,64.0,397.126,532056945462.0
2025-08-31T23:41:59.558176,95.0,84242.0,11107.0,65.0,397.389,532057006457.0
2025-08-31T23:41:59.658155,95.0,84242.0,11107.0,65.0,424.108,532057057905.0
2025-08-31T23:41:59.758217,86.0,84242.0,11107.0,68.0,461.988,532057127330.0
2025-08-31T23:41:59.858199,86.0,84242.0,11107.0,68.0,503.484,532057268906.0
2025-08-31T23:41:59.958164,100.0,84242.0,11107.0,68.0,542.733,532057341026.0
2025-08-31T23:42:00.058176,100.0,84242.0,11107.0,70.0,588.396,532057404063.0
2025-08-31T23:42:00.158158,100.0,84242.0,11107.0,66.0,629.348,532057469958.0
2025-08-31T23:42:00.258186,100.0,84242.0,11107.0,63.0,627.937,532057507503.0
2025-08-31T23:42:00.358077,86.0,84242.0,11107.0,61.0,593.216,532057541821.0
2025-08-31T23:42:00.458374,86.0,84242.0,11107.0,61.0,564.511,532057573484.0
2025-08-31T23:42:00.558020,77.0,84242.0,11107.0,62.0,555.399,532057616594.0
2025-08-31T23:42:00.658135,77.0,84242.0,11107.0,65.0,527.97,532057658064.0
2025-08-31T23:42:00.758062,75.0,84242.0,11107.0,64.0,519.034,532057720554.0
2025-08-31T23:42:00.858169,75.0,84242.0,11107.0,64.0,490.126,532057767205.0
2025-08-31T23:42:00.958126,84.0,84242.0,11107.0,64.0,462.531,532057807157.0
2025-08-31T23:42:01.058156,84.0,84242.0,11107.0,60.0,435.305,532057851129.0
2025-08-31T23:42:01.158146,75.0,84242.0,11107.0,59.0,405.423,532057882550.0
2025-08-31T23:42:01.258151,75.0,84242.0,11107.0,59.0,399.746,532057911489.0
2025-08-31T23:42:01.358131,75.0,84242.0,11107.0,59.0,399.746,532057942149.0
2025-08-31T23:42:01.457994,85.0,84242.0,11107.0,58.0,393.623,532057942149.0
2025-08-31T23:42:01.558033,85.0,84242.0,11107.0,56.0,389.004,532057968801.0
2025-08-31T23:42:01.658137,91.0,84242.0,11107.0,58.0,371.062,532057997374.0
2025-08-31T23:42:01.758153,91.0,84242.0,11107.0,63.0,376.763,532058089918.0
2025-08-31T23:42:01.858234,68.0,84242.0,11107.0,65.0,375.299,532058151739.0
2025-08-31T23:42:01.958249,68.0,84242.0,11107.0,66.0,383.853,532058212979.0
2025-08-31T23:42:02.058165,93.0,84242.0,11107.0,67.0,420.24,532058279468.0
2025-08-31T23:42:02.158246,93.0,84242.0,11107.0,65.0,451.256,532058337642.0
2025-08-31T23:42:02.258193,97.0,84242.0,11107.0,67.0,478.015,532058402389.0
2025-08-31T23:42:02.358196,97.0,84242.0,11107.0,68.0,515.619,532058469762.0
2025-08-31T23:42:02.458199,89.0,84242.0,11107.0,68.0,555.651,532058536726.0
2025-08-31T23:42:02.558204,89.0,84242.0,11107.0,68.0,599.271,532058603054.0
2025-08-31T23:42:02.658208,100.0,84242.0,11107.0,65.0,634.807,532058668944.0
2025-08-31T23:42:02.758204,100.0,84242.0,11107.0,63.0,614.795,532058703974.0
2025-08-31T23:42:02.858093,77.0,84242.0,11107.0,62.0,587.813,532058737099.0
2025-08-31T23:42:02.958195,77.0,84242.0,11107.0,62.0,561.672,532058769378.0
2025-08-31T23:42:03.058010,74.0,84242.0,11107.0,64.0,537.628,532058812014.0
2025-08-31T23:42:03.158233,74.0,84242.0,11107.0,63.0,521.442,532058862316.0
2025-08-31T23:42:03.257993,83.0,84242.0,11107.0,62.0,519.499,532058913732.0
2025-08-31T23:42:03.358178,83.0,84242.0,11107.0,66.0,492.015,532058913732.0
2025-08-31T23:42:03.462676,85.0,84242.0,11107.0,63.0,481.018,532058958789.0
2025-08-31T23:42:03.558155,85.0,84242.0,11107.0,60.0,458.224,532059058267.0
2025-08-31T23:42:03.658152,81.0,84242.0,11107.0,59.0,420.386,532059088555.0
2025-08-31T23:42:03.758119,81.0,84242.0,11107.0,58.0,415.211,532059117390.0
2025-08-31T23:42:03.858269,88.0,84242.0,11107.0,57.0,407.839,532059146494.0
2025-08-31T23:42:03.958178,88.0,84242.0,11107.0,57.0,403.476,532059174278.0
2025-08-31T23:42:04.058196,94.0,84242.0,11107.0,56.0,388.402,532059202086.0
2025-08-31T23:42:04.158237,94.0,84242.0,11107.0,56.0,351.546,532059230152.0
2025-08-31T23:42:04.258105,94.0,84242.0,11107.0,56.0,335.106,532059257707.0
2025-08-31T23:42:04.358095,94.0,84242.0,11107.0,59.0,329.936,532059285231.0
2025-08-31T23:42:04.458249,69.0,84242.0,11107.0,60.0,325.385,532059336888.0
2025-08-31T23:42:04.558203,69.0,84242.0,11107.0,64.0,343.269,532059398976.0
2025-08-31T23:42:04.658210,89.0,84242.0,11107.0,65.0,378.725,532059454239.0
2025-08-31T23:42:04.758212,89.0,84242.0,11107.0,65.0,422.991,532059521512.0
2025-08-31T23:42:04.858203,89.0,84242.0,11107.0,65.0,422.991,532059591180.0
2025-08-31T23:42:04.958200,100.0,84242.0,11107.0,67.0,464.112,532059591180.0
2025-08-31T23:42:05.058115,100.0,84242.0,11107.0,67.0,496.893,532059654357.0
2025-08-31T23:42:05.158133,91.0,84242.0,11107.0,67.0,536.344,532059712255.0
2025-08-31T23:42:05.258075,91.0,84242.0,11107.0,69.0,578.266,532059848678.0
2025-08-31T23:42:05.358240,100.0,84242.0,11107.0,66.0,614.233,532059915469.0
2025-08-31T23:42:05.458194,100.0,84242.0,11107.0,63.0,622.532,532059954315.0
2025-08-31T23:42:05.558114,86.0,84242.0,11107.0,61.0,600.119,532059986581.0
2025-08-31T23:42:05.658213,86.0,84242.0,11107.0,61.0,580.898,532060018531.0
2025-08-31T23:42:05.758149,75.0,84242.0,11107.0,64.0,549.651,532060055441.0
2025-08-31T23:42:05.858052,75.0,84242.0,11107.0,65.0,528.709,532060105995.0
2025-08-31T23:42:05.958023,81.0,84242.0,11107.0,64.0,515.018,532060161662.0
2025-08-31T23:42:06.058049,81.0,84242.0,11107.0,63.0,505.406,532060211999.0
2025-08-31T23:42:06.158064,83.0,84242.0,11107.0,65.0,476.512,532060247467.0
2025-08-31T23:42:06.258187,83.0,84242.0,11107.0,60.0,446.829,532060293647.0
2025-08-31T23:42:06.358060,79.0,84242.0,11107.0,59.0,408.959,532060321417.0
2025-08-31T23:42:06.458125,79.0,84242.0,11107.0,59.0,408.959,532060350797.0
2025-08-31T23:42:06.558097,79.0,84242.0,11107.0,58.0,392.835,532060380170.0
2025-08-31T23:42:06.657855,87.0,84242.0,11107.0,58.0,387.135,532060408393.0
2025-08-31T23:42:06.758032,87.0,84242.0,11107.0,57.0,387.135,532060435771.0
2025-08-31T23:42:06.858135,92.0,84242.0,11107.0,55.0,381.505,532060465339.0
2025-08-31T23:42:06.958140,92.0,84242.0,11107.0,62.0,360.332,532060524997.0
2025-08-31T23:42:07.058158,74.0,84242.0,11107.0,65.0,365.494,532060581838.0
2025-08-31T23:42:07.158188,74.0,84242.0,11107.0,61.0,373.636,532060581838.0
2025-08-31T23:42:07.258216,91.0,84242.0,11107.0,67.0,391.839,532060636971.0
2025-08-31T23:42:07.358208,91.0,84242.0,11107.0,68.0,451.374,532060769889.0
2025-08-31T23:42:07.458164,92.0,84242.0,11107.0,68.0,493.898,532060837703.0
2025-08-31T23:42:07.558163,100.0,84242.0,11107.0,69.0,534.402,532060904930.0
2025-08-31T23:42:07.658132,100.0,84242.0,11107.0,68.0,560.347,532060962656.0
2025-08-31T23:42:07.758150,92.0,84242.0,11107.0,69.0,599.034,532061029087.0
2025-08-31T23:42:07.858260,92.0,84242.0,11107.0,63.0,620.441,532061091237.0
2025-08-31T23:42:07.958125,92.0,84242.0,11107.0,63.0,620.441,532061125880.0
2025-08-31T23:42:08.058157,94.0,84242.0,11107.0,62.0,594.818,532061125880.0
2025-08-31T23:42:08.158119,94.0,84242.0,11107.0,62.0,574.915,532061158692.0
2025-08-31T23:42:08.258017,77.0,84242.0,11107.0,62.0,555.549,532061197693.0
2025-08-31T23:42:08.358161,77.0,84242.0,11107.0,64.0,530.458,532061235374.0
2025-08-31T23:42:08.457983,74.0,84242.0,11107.0,62.0,515.514,532061335553.0
2025-08-31T23:42:08.558131,74.0,84242.0,11107.0,61.0,496.369,532061378065.0
2025-08-31T23:42:08.658094,80.0,84242.0,11107.0,63.0,475.763,532061428767.0
2025-08-31T23:42:08.758130,80.0,84242.0,11107.0,64.0,462.542,532061483046.0
2025-08-31T23:42:08.858204,78.0,84242.0,11107.0,60.0,436.883,532061513981.0
2025-08-31T23:42:08.958161,78.0,84242.0,11107.0,59.0,418.352,532061543332.0
2025-08-31T23:42:09.058102,86.0,84242.0,11107.0,58.0,411.877,532061573776.0
2025-08-31T23:42:09.157912,86.0,84242.0,11107.0,58.0,409.663,532061601489.0
2025-08-31T23:42:09.258000,88.0,84242.0,11107.0,57.0,397.356,532061629997.0
2025-08-31T23:42:09.358041,88.0,84242.0,11107.0,61.0,378.416,532061661617.0
2025-08-31T23:42:09.458234,93.0,84242.0,11107.0,61.0,386.804,532061725801.0
2025-08-31T23:42:09.558095,93.0,84242.0,11107.0,64.0,405.219,532061780239.0
2025-08-31T23:42:09.658261,93.0,84242.0,11107.0,61.0,407.181,532061831318.0
2025-08-31T23:42:09.758231,87.0,84242.0,11107.0,66.0,421.702,532061898824.0
2025-08-31T23:42:09.858202,87.0,84242.0,11107.0,67.0,453.53,532061898824.0
2025-08-31T23:42:09.958211,100.0,84242.0,11107.0,68.0,491.518,532061966041.0
2025-08-31T23:42:10.058178,100.0,84242.0,11107.0,68.0,527.155,532062032545.0
2025-08-31T23:42:10.158232,92.0,84242.0,11107.0,67.0,560.497,532062158651.0
2025-08-31T23:42:10.258197,92.0,84242.0,11107.0,68.0,592.748,532062224816.0
2025-08-31T23:42:10.358243,99.0,84242.0,11107.0,68.0,632.436,532062292938.0
2025-08-31T23:42:10.458188,99.0,84242.0,11107.0,66.0,614.05,532062342613.0
2025-08-31T23:42:10.558042,90.0,84242.0,11107.0,63.0,591.307,532062375484.0
2025-08-31T23:42:10.658207,77.0,84242.0,11107.0,62.0,568.296,532062409332.0
2025-08-31T23:42:10.758271,77.0,84242.0,11107.0,63.0,533.632,532062445041.0
2025-08-31T23:42:10.858070,79.0,84242.0,11107.0,61.0,516.16,532062486120.0
2025-08-31T23:42:10.958119,79.0,84242.0,11107.0,64.0,489.978,532062535921.0
2025-08-31T23:42:11.058261,81.0,84242.0,11107.0,63.0,484.68,532062583915.0
2025-08-31T23:42:11.158055,81.0,84242.0,11107.0,63.0,473.879,532062637013.0
2025-08-31T23:42:11.258118,79.0,84242.0,11107.0,64.0,440.683,532062680404.0
2025-08-31T23:42:11.358129,79.0,84242.0,11107.0,60.0,398.844,532062711143.0
2025-08-31T23:42:11.458496,83.0,84242.0,11107.0,59.0,393.452,532062740600.0
2025-08-31T23:42:11.557404,83.0,84242.0,11107.0,59.0,393.452,532062770058.0
2025-08-31T23:42:11.657846,83.0,84242.0,11107.0,59.0,388.11,532062770058.0
2025-08-31T23:42:11.758072,90.0,84242.0,11107.0,58.0,383.661,532062799287.0
2025-08-31T23:42:11.858072,90.0,84242.0,11107.0,59.0,377.088,532062827628.0
2025-08-31T23:42:11.958148,73.0,84242.0,11107.0,63.0,362.002,532062852539.0
2025-08-31T23:42:12.058182,73.0,84242.0,11107.0,63.0,390.306,532062971154.0
2025-08-31T23:42:12.158218,94.0,84242.0,11107.0,66.0,382.304,532063027668.0
2025-08-31T23:42:12.258274,94.0,84242.0,11107.0,67.0,398.855,532063094228.0
2025-08-31T23:42:12.358283,92.0,84242.0,11107.0,67.0,443.152,532063160235.0
2025-08-31T23:42:12.458257,92.0,84242.0,11107.0,69.0,479.566,532063227118.0
2025-08-31T23:42:12.558363,100.0,84242.0,11107.0,69.0,525.985,532063288148.0
2025-08-31T23:42:12.658314,100.0,84242.0,11107.0,69.0,557.514,532063353190.0
2025-08-31T23:42:12.758280,91.0,84242.0,11107.0,68.0,601.75,532063421593.0
2025-08-31T23:42:12.858243,91.0,84242.0,11107.0,64.0,624.819,532063484858.0
2025-08-31T23:42:12.958211,97.0,84242.0,11107.0,62.0,601.177,532063518856.0
2025-08-31T23:42:13.058321,97.0,84242.0,11107.0,62.0,575.174,532063553964.0
2025-08-31T23:42:13.157890,77.0,84242.0,11107.0,64.0,549.508,532063586641.0
2025-08-31T23:42:13.258022,77.0,84242.0,11107.0,65.0,518.91,532063624704.0
2025-08-31T23:42:13.358202,77.0,84242.0,11107.0,65.0,518.91,532063667516.0
2025-08-31T23:42:13.458231,74.0,84242.0,11107.0,67.0,506.742,532063667516.0
2025-08-31T23:42:13.558285,74.0,84242.0,11107.0,64.0,493.145,532063725859.0
2025-08-31T23:42:13.658032,85.0,84242.0,11107.0,62.0,475.942,532063764480.0
2025-08-31T23:42:13.757970,85.0,84242.0,11107.0,63.0,454.922,532063811197.0
2025-08-31T23:42:13.858130,80.0,84242.0,11107.0,60.0,428.596,532063889985.0
2025-08-31T23:42:13.958309,80.0,84242.0,11107.0,59.0,401.533,532063919337.0
2025-08-31T23:42:14.058180,86.0,84242.0,11107.0,59.0,398.095,532063948868.0
2025-08-31T23:42:14.158212,86.0,84242.0,11107.0,58.0,392.896,532063976733.0
2025-08-31T23:42:14.258055,89.0,84242.0,11107.0,57.0,386.746,532064003720.0
2025-08-31T23:42:14.358063,89.0,84242.0,11107.0,56.0,373.339,532064028359.0
2025-08-31T23:42:14.458150,93.0,84242.0,11107.0,62.0,342.058,532064066862.0
2025-08-31T23:42:14.558146,93.0,84242.0,11107.0,64.0,350.493,532064122262.0
2025-08-31T23:42:14.658155,70.0,84242.0,11107.0,65.0,365.208,532064188420.0
2025-08-31T23:42:14.758229,70.0,84242.0,11107.0,67.0,402.367,532064188420.0
2025-08-31T23:42:14.858178,86.0,84242.0,11107.0,67.0,445.421,532064237132.0
2025-08-31T23:42:14.958129,86.0,84242.0,11107.0,67.0,483.081,532064306109.0
2025-08-31T23:42:15.058172,93.0,84242.0,11107.0,68.0,483.081,532064437981.0
2025-08-31T23:42:15.158165,93.0,84242.0,11107.0,69.0,524.454,532064504236.0
2025-08-31T23:42:15.258172,100.0,84242.0,11107.0,70.0,561.379,532064573579.0
2025-08-31T23:42:15.358147,100.0,84242.0,11107.0,70.0,605.059,532064643243.0
2025-08-31T23:42:15.458171,90.0,84242.0,11107.0,64.0,633.584,532064692448.0
2025-08-31T23:42:15.558173,90.0,84242.0,11107.0,62.0,609.049,532064726913.0
2025-08-31T23:42:15.658027,77.0,84242.0,11107.0,61.0,579.401,532064759480.0
2025-08-31T23:42:15.758102,77.0,84242.0,11107.0,62.0,559.65,532064792116.0
2025-08-31T23:42:15.858096,74.0,84242.0,11107.0,65.0,521.656,532064820288.0
2025-08-31T23:42:15.958023,74.0,84242.0,11107.0,63.0,509.657,532064878829.0
2025-08-31T23:42:16.058004,86.0,84242.0,11107.0,62.0,495.261,532064928616.0
2025-08-31T23:42:16.157994,86.0,84242.0,11107.0,66.0,480.01,532064977853.0
2025-08-31T23:42:16.258060,85.0,84242.0,11107.0,62.0,465.871,532065034080.0
2025-08-31T23:42:16.358140,85.0,84242.0,11107.0,60.0,422.15,532065068237.0
2025-08-31T23:42:16.458070,84.0,84242.0,11107.0,59.0,401.559,532065097184.0
2025-08-31T23:42:16.558078,84.0,84242.0,11107.0,59.0,401.559,532065097184.0
2025-08-31T23:42:16.658221,84.0,84242.0,11107.0,58.0,395.649,532065127102.0
2025-08-31T23:42:16.758224,89.0,84242.0,11107.0,58.0,393.317,532065156044.0
2025-08-31T23:42:16.857923,89.0,84242.0,11107.0,57.0,387.09,532065185985.0
2025-08-31T23:42:16.958090,94.0,84242.0,11107.0,57.0,381.689,532065239430.0
2025-08-31T23:42:17.058162,94.0,84242.0,11107.0,60.0,344.199,532065271039.0
2025-08-31T23:42:17.158159,71.0,84242.0,11107.0,64.0,348.746,532065332657.0
2025-08-31T23:42:17.258290,71.0,84242.0,11107.0,61.0,360.885,532065386714.0
2025-08-31T23:42:17.358237,85.0,84242.0,11107.0,67.0,364.281,532065443429.0
2025-08-31T23:42:17.458162,85.0,84242.0,11107.0,67.0,401.865,532065508757.0
2025-08-31T23:42:17.558228,95.0,84242.0,11107.0,69.0,446.658,532065577245.0
2025-08-31T23:42:17.658161,95.0,84242.0,11107.0,68.0,484.201,532065646283.0
2025-08-31T23:42:17.758208,100.0,84242.0,11107.0,69.0,517.257,532065710690.0
2025-08-31T23:42:17.858200,100.0,84242.0,11107.0,69.0,565.131,532065781922.0
2025-08-31T23:42:17.958168,100.0,84242.0,11107.0,69.0,597.745,532065847289.0
2025-08-31T23:42:18.058186,100.0,84242.0,11107.0,64.0,639.988,532065910528.0
2025-08-31T23:42:18.158181,90.0,84242.0,11107.0,63.0,620.804,532065947851.0
2025-08-31T23:42:18.257983,90.0,84242.0,11107.0,63.0,620.804,532065978455.0
2025-08-31T23:42:18.358036,90.0,84242.0,11107.0,62.0,594.036,532065978455.0
2025-08-31T23:42:18.458006,77.0,84242.0,11107.0,63.0,557.279,532066016446.0
2025-08-31T23:42:18.558047,77.0,84242.0,11107.0,62.0,537.649,532066063009.0
2025-08-31T23:42:18.658187,79.0,84242.0,11107.0,64.0,508.678,532066112308.0
2025-08-31T23:42:18.758121,79.0,84242.0,11107.0,63.0,486.471,532066194520.0
2025-08-31T23:42:18.858066,80.0,84242.0,11107.0,61.0,460.382,532066244649.0
2025-08-31T23:42:18.958135,80.0,84242.0,11107.0,66.0,442.479,532066297625.0
2025-08-31T23:42:19.058049,79.0,84242.0,11107.0,61.0,412.145,532066327896.0
2025-08-31T23:42:19.158107,79.0,84242.0,11107.0,59.0,412.145,532066357407.0
2025-08-31T23:42:19.258084,85.0,84242.0,11107.0,59.0,402.719,532066386556.0
2025-08-31T23:42:19.358079,85.0,84242.0,11107.0,58.0,395.547,532066414997.0
2025-08-31T23:42:19.458216,87.0,84242.0,11107.0,57.0,377.072,532066443154.0
2025-08-31T23:42:19.558349,93.0,84242.0,11107.0,57.0,352.097,532066470912.0
2025-08-31T23:42:19.658003,93.0,84242.0,11107.0,56.0,332.572,532066498865.0
2025-08-31T23:42:19.758166,94.0,84242.0,11107.0,57.0,343.549,532066530520.0
2025-08-31T23:42:19.858185,94.0,84242.0,11107.0,62.0,343.638,532066585792.0
2025-08-31T23:42:19.958202,68.0,84242.0,11107.0,62.0,357.108,532066643240.0
2025-08-31T23:42:20.058214,68.0,84242.0,11107.0,60.0,380.846,532066691624.0
2025-08-31T23:42:20.158190,68.0,84242.0,11107.0,60.0,380.846,532066758170.0
2025-08-31T23:42:20.258221,81.0,84242.0,11107.0,67.0,421.505,532066758170.0
2025-08-31T23:42:20.358187,81.0,84242.0,11107.0,66.0,461.245,532066823164.0
2025-08-31T23:42:20.458098,100.0,84242.0,11107.0,68.0,502.056,532066892615.0
2025-08-31T23:42:20.558040,100.0,84242.0,11107.0,69.0,540.631,532067026487.0
2025-08-31T23:42:20.658255,100.0,84242.0,11107.0,69.0,582.52,532067094459.0
2025-08-31T23:42:20.758247,100.0,84242.0,11107.0,70.0,626.176,532067162345.0
2025-08-31T23:42:20.858175,100.0,84242.0,11107.0,64.0,622.468,532067208427.0
2025-08-31T23:42:20.958199,100.0,84242.0,11107.0,62.0,594.778,532067240552.0
2025-08-31T23:42:21.058210,88.0,84242.0,11107.0,61.0,585.181,532067274343.0
2025-08-31T23:42:21.158082,88.0,84242.0,11107.0,64.0,556.379,532067316959.0
2025-08-31T23:42:21.258181,80.0,84242.0,11107.0,64.0,535.95,532067358409.0
2025-08-31T23:42:21.358329,80.0,84242.0,11107.0,67.0,514.132,532067413151.0
2025-08-31T23:42:21.457560,91.0,84242.0,11107.0,64.0,507.713,532067469109.0
2025-08-31T23:42:21.558189,91.0,84242.0,11107.0,64.0,507.713,532067517912.0
2025-08-31T23:42:21.658127,91.0,84242.0,11107.0,64.0,452.243,532067557588.0
2025-08-31T23:42:21.758129,80.0,84242.0,11107.0,61.0,419.657,532067586520.0
2025-08-31T23:42:21.858124,80.0,84242.0,11107.0,59.0,405.717,532067615820.0
2025-08-31T23:42:21.958207,87.0,84242.0,11107.0,59.0,403.509,532067615820.0
2025-08-31T23:42:22.058177,87.0,84242.0,11107.0,58.0,397.942,532067644572.0
2025-08-31T23:42:22.158035,92.0,84242.0,11107.0,57.0,397.942,532067673447.0
2025-08-31T23:42:22.258033,92.0,84242.0,11107.0,57.0,380.809,532067726201.0
2025-08-31T23:42:22.358251,75.0,84242.0,11107.0,62.0,366.492,532067776837.0
2025-08-31T23:42:22.458232,75.0,84242.0,11107.0,63.0,362.606,532067830385.0
2025-08-31T23:42:22.558221,89.0,84242.0,11107.0,63.0,368.328,532067887490.0
2025-08-31T23:42:22.658359,89.0,84242.0,11107.0,66.0,378.579,532067954347.0
2025-08-31T23:42:22.758223,94.0,84242.0,11107.0,67.0,413.131,532068021488.0
2025-08-31T23:42:22.858228,94.0,84242.0,11107.0,67.0,442.835,532068077266.0
2025-08-31T23:42:22.958207,89.0,84242.0,11107.0,69.0,476.645,532068144717.0
2025-08-31T23:42:23.058257,89.0,84242.0,11107.0,68.0,552.08,532068212580.0
2025-08-31T23:42:23.158142,100.0,84242.0,11107.0,70.0,599.601,532068278975.0
2025-08-31T23:42:23.258191,100.0,84242.0,11107.0,69.0,627.268,532068345158.0
2025-08-31T23:42:23.358145,100.0,84242.0,11107.0,65.0,603.349,532068397220.0
2025-08-31T23:42:23.458069,100.0,84242.0,11107.0,63.0,581.909,532068430140.0
2025-08-31T23:42:23.558120,80.0,84242.0,11107.0,62.0,558.838,532068464190.0
2025-08-31T23:42:23.658015,80.0,84242.0,11107.0,61.0,529.31,532068501158.0
2025-08-31T23:42:23.758076,69.0,84242.0,11107.0,62.0,521.571,532068546602.0
2025-08-31T23:42:23.858098,69.0,84242.0,11107.0,62.0,521.571,532068546602.0
2025-08-31T23:42:23.958035,82.0,84242.0,11107.0,65.0,516.14,532068596655.0
2025-08-31T23:42:24.058094,82.0,84242.0,11107.0,63.0,498.685,532068657658.0
2025-08-31T23:42:24.158000,80.0,84242.0,11107.0,66.0,486.776,532068704542.0
2025-08-31T23:42:24.257978,80.0,84242.0,11107.0,65.0,462.098,532068790615.0
2025-08-31T23:42:24.358035,81.0,84242.0,11107.0,59.0,423.637,532068819834.0
2025-08-31T23:42:24.458070,81.0,84242.0,11107.0,59.0,418.749,532068849149.0
2025-08-31T23:42:24.557996,89.0,84242.0,11107.0,58.0,414.893,532068878314.0
2025-08-31T23:42:24.657983,89.0,84242.0,11107.0,58.0,400.974,532068903078.0
2025-08-31T23:42:24.758128,74.0,84242.0,11107.0,63.0,408.005,532068957068.0
2025-08-31T23:42:24.858149,74.0,84242.0,11107.0,66.0,417.997,532069016173.0
2025-08-31T23:42:24.958169,92.0,84242.0,11107.0,64.0,411.478,532069069304.0
2025-08-31T23:42:25.058173,92.0,84242.0,11107.0,67.0,416.295,532069120283.0
2025-08-31T23:42:25.158176,82.0,84242.0,11107.0,68.0,436.156,532069187724.0
2025-08-31T23:42:25.258164,82.0,84242.0,11107.0,68.0,468.802,532069255016.0
2025-08-31T23:42:25.358236,100.0,84242.0,11107.0,69.0,507.737,532069320418.0
2025-08-31T23:42:25.458302,100.0,84242.0,11107.0,69.0,539.236,532069385729.0
2025-08-31T23:42:25.557752,100.0,84242.0,11107.0,68.0,580.846,532069451186.0
2025-08-31T23:42:25.658216,100.0,84242.0,11107.0,68.0,580.846,532069515925.0
2025-08-31T23:42:25.758244,100.0,84242.0,11107.0,65.0,619.096,532069515925.0
2025-08-31T23:42:25.858431,100.0,84242.0,11107.0,63.0,593.156,532069559323.0
2025-08-31T23:42:25.958154,100.0,84242.0,11107.0,62.0,572.345,532069591866.0
2025-08-31T23:42:26.058170,74.0,84242.0,11107.0,64.0,554.764,532069625970.0
2025-08-31T23:42:26.158253,74.0,84242.0,11107.0,61.0,531.063,532069700054.0
2025-08-31T23:42:26.257893,78.0,84242.0,11107.0,66.0,500.597,532069749686.0
2025-08-31T23:42:26.358259,78.0,84242.0,11107.0,63.0,490.204,532069795801.0
2025-08-31T23:42:26.458237,76.0,84242.0,11107.0,65.0,453.985,532069837491.0
2025-08-31T23:42:26.558120,76.0,84242.0,11107.0,64.0,438.974,532069888435.0
2025-08-31T23:42:26.658160,81.0,84242.0,11107.0,60.0,418.84,532069926535.0
2025-08-31T23:42:26.758029,81.0,84242.0,11107.0,60.0,395.409,532069956339.0
2025-08-31T23:42:26.858206,85.0,84242.0,11107.0,59.0,390.387,532069984943.0
2025-08-31T23:42:26.958127,85.0,84242.0,11107.0,59.0,385.003,532070014035.0
2025-08-31T23:42:27.058206,90.0,84242.0,11107.0,58.0,372.64,532070042701.0
2025-08-31T23:42:27.158149,90.0,84242.0,11107.0,58.0,374.893,532070069663.0
2025-08-31T23:42:27.258245,70.0,84242.0,11107.0,63.0,375.377,532070126799.0
2025-08-31T23:42:27.358210,70.0,84242.0,11107.0,63.0,400.441,532070186091.0
2025-08-31T23:42:27.458179,94.0,84242.0,11107.0,67.0,418.947,532070252055.0
2025-08-31T23:42:27.558320,94.0,84242.0,11107.0,67.0,418.947,532070303574.0
2025-08-31T23:42:27.658255,94.0,84242.0,11107.0,67.0,435.511,532070303574.0
2025-08-31T23:42:27.758235,87.0,84242.0,11107.0,68.0,474.933,532070374230.0
2025-08-31T23:42:27.858213,87.0,84242.0,11107.0,68.0,513.038,532070438291.0
2025-08-31T23:42:27.958232,100.0,84242.0,11107.0,69.0,553.94,532070573917.0
2025-08-31T23:42:28.058196,100.0,84242.0,11107.0,70.0,597.905,532070642731.0
2025-08-31T23:42:28.158264,100.0,84242.0,11107.0,70.0,642.938,532070707915.0
2025-08-31T23:42:28.258225,100.0,84242.0,11107.0,65.0,617.035,532070742467.0
2025-08-31T23:42:28.358198,83.0,84242.0,11107.0,63.0,588.961,532070774741.0
2025-08-31T23:42:28.458240,83.0,84242.0,11107.0,62.0,559.596,532070808366.0
2025-08-31T23:42:28.558170,73.0,84242.0,11107.0,62.0,546.807,532070850131.0
2025-08-31T23:42:28.658162,73.0,84242.0,11107.0,63.0,527.717,532070901126.0
2025-08-31T23:42:28.758039,77.0,84242.0,11107.0,67.0,520.043,532070960488.0
2025-08-31T23:42:28.858031,77.0,84242.0,11107.0,65.0,496.286,532071006188.0
2025-08-31T23:42:28.957976,85.0,84242.0,11107.0,66.0,479.334,532071058184.0
2025-08-31T23:42:29.058038,85.0,84242.0,11107.0,63.0,442.207,532071096300.0
2025-08-31T23:42:29.158133,78.0,84242.0,11107.0,60.0,413.712,532071127205.0
2025-08-31T23:42:29.258064,78.0,84242.0,11107.0,59.0,413.058,532071155930.0
2025-08-31T23:42:29.358167,85.0,84242.0,11107.0,59.0,408.929,532071185088.0
2025-08-31T23:42:29.458104,85.0,84242.0,11107.0,58.0,400.839,532071185088.0
2025-08-31T23:42:29.558115,91.0,84242.0,11107.0,57.0,378.561,532071214020.0
2025-08-31T23:42:29.658264,91.0,84242.0,11107.0,60.0,375.412,532071240519.0
2025-08-31T23:42:29.758226,69.0,84242.0,11107.0,65.0,381.519,532071271067.0
2025-08-31T23:42:29.858219,69.0,84242.0,11107.0,65.0,393.421,532071403281.0
2025-08-31T23:42:29.958184,94.0,84242.0,11107.0,66.0,411.817,532071449647.0
2025-08-31T23:42:30.058449,94.0,84242.0,11107.0,68.0,449.003,532071520481.0
2025-08-31T23:42:30.158199,94.0,84242.0,11107.0,67.0,489.293,532071586253.0
2025-08-31T23:42:30.259733,86.0,84242.0,11107.0,68.0,533.404,532071655832.0
2025-08-31T23:42:30.358164,86.0,84242.0,11107.0,69.0,569.578,532071723021.0
2025-08-31T23:42:30.471345,100.0,84242.0,11107.0,70.0,602.989,532071787718.0
2025-08-31T23:42:30.559971,100.0,84242.0,11107.0,71.0,643.481,532071851625.0
2025-08-31T23:42:30.657941,100.0,84242.0,11107.0,65.0,620.037,532071907487.0
2025-08-31T23:42:30.758217,100.0,84242.0,11107.0,61.0,570.901,532071939879.0
2025-08-31T23:42:30.858209,92.0,84242.0,11107.0,58.0,531.403,532071954450.0
2025-08-31T23:42:30.958189,92.0,84242.0,11107.0,58.0,531.403,532071954450.0
2025-08-31T23:42:31.058190,92.0,84242.0,11107.0,57.0,491.822,532071968660.0
2025-08-31T23:42:31.158189,29.0,84242.0,11107.0,59.0,448.696,532071993045.0
2025-08-31T23:42:31.258040,29.0,84242.0,11107.0,60.0,409.379,532072024916.0
2025-08-31T23:42:31.358177,28.0,84242.0,11107.0,59.0,384.318,532072108079.0
2025-08-31T23:42:31.458233,73.0,84242.0,11107.0,63.0,375.196,532072169134.0
2025-08-31T23:42:31.557959,73.0,84242.0,11107.0,62.0,357.865,532072209865.0
2025-08-31T23:42:31.658013,76.0,84242.0,11107.0,65.0,330.005,532072241348.0
2025-08-31T23:42:31.758102,76.0,84242.0,11107.0,61.0,350.97,532072293795.0
2025-08-31T23:42:31.858206,85.0,84242.0,11107.0,60.0,366.376,532072324402.0
2025-08-31T23:42:31.958120,85.0,84242.0,11107.0,59.0,380.929,532072352745.0
2025-08-31T23:42:32.058055,88.0,84242.0,11107.0,58.0,388.229,532072381375.0
2025-08-31T23:42:32.158133,88.0,84242.0,11107.0,57.0,384.748,532072409610.0
2025-08-31T23:42:32.257942,93.0,84242.0,11107.0,57.0,373.119,532072437025.0
2025-08-31T23:42:32.358014,93.0,84242.0,11107.0,61.0,355.437,532072462913.0
2025-08-31T23:42:32.458270,68.0,84242.0,11107.0,63.0,352.099,532072515355.0
2025-08-31T23:42:32.558184,68.0,84242.0,11107.0,62.0,359.878,532072572638.0
2025-08-31T23:42:32.658195,93.0,84242.0,11107.0,66.0,378.319,532072628425.0
2025-08-31T23:42:32.758212,93.0,84242.0,11107.0,67.0,394.883,532072694195.0
2025-08-31T23:42:32.858183,88.0,84242.0,11107.0,66.0,420.13,532072749698.0
2025-08-31T23:42:32.958209,88.0,84242.0,11107.0,68.0,458.439,532072749698.0
2025-08-31T23:42:33.058179,100.0,84242.0,11107.0,68.0,498.381,532072812731.0
2025-08-31T23:42:33.158241,100.0,84242.0,11107.0,69.0,536.27,532072880581.0
2025-08-31T23:42:33.258242,100.0,84242.0,11107.0,69.0,576.858,532073015604.0
2025-08-31T23:42:33.358204,100.0,84242.0,11107.0,69.0,617.191,532073083514.0
2025-08-31T23:42:33.458222,88.0,84242.0,11107.0,65.0,606.732,532073127249.0
2025-08-31T23:42:33.558144,88.0,84242.0,11107.0,63.0,581.414,532073162392.0
2025-08-31T23:42:33.658034,88.0,84242.0,11107.0,62.0,556.665,532073195247.0
2025-08-31T23:42:33.758057,75.0,84242.0,11107.0,63.0,530.629,532073227807.0
2025-08-31T23:42:33.857997,77.0,84242.0,11107.0,63.0,516.826,532073272654.0
2025-08-31T23:42:33.957983,77.0,84242.0,11107.0,65.0,511.696,532073323226.0
2025-08-31T23:42:34.058242,89.0,84242.0,11107.0,67.0,493.308,532073381825.0
2025-08-31T23:42:34.158199,89.0,84242.0,11107.0,63.0,472.909,532073425524.0
2025-08-31T23:42:34.258229,81.0,84242.0,11107.0,64.0,445.071,532073470756.0
2025-08-31T23:42:34.358096,81.0,84242.0,11107.0,61.0,399.334,532073500380.0
2025-08-31T23:42:34.458070,81.0,84242.0,11107.0,60.0,394.11,532073530132.0
2025-08-31T23:42:34.558173,86.0,84242.0,11107.0,59.0,390.74,532073559715.0
2025-08-31T23:42:34.658231,91.0,84242.0,11107.0,58.0,384.866,532073587789.0
2025-08-31T23:42:34.758219,91.0,84242.0,11107.0,57.0,374.667,532073615128.0
2025-08-31T23:42:34.858166,94.0,84242.0,11107.0,57.0,358.635,532073642570.0
2025-08-31T23:42:34.957961,94.0,84242.0,11107.0,57.0,358.635,532073669541.0
2025-08-31T23:42:35.058159,94.0,84242.0,11107.0,57.0,319.373,532073669541.0
2025-08-31T23:42:35.158377,74.0,84242.0,11107.0,61.0,321.968,532073695114.0
2025-08-31T23:42:35.257873,74.0,84242.0,11107.0,64.0,326.495,532073807337.0
2025-08-31T23:42:35.358200,90.0,84242.0,11107.0,61.0,356.342,532073866932.0
2025-08-31T23:42:35.458230,90.0,84242.0,11107.0,67.0,378.401,532073923105.0
2025-08-31T23:42:35.558243,85.0,84242.0,11107.0,67.0,423.373,532073991524.0
2025-08-31T23:42:35.658188,85.0,84242.0,11107.0,68.0,463.063,532074063529.0
2025-08-31T23:42:35.758200,100.0,84242.0,11107.0,68.0,503.067,532074128158.0
2025-08-31T23:42:35.858158,100.0,84242.0,11107.0,68.0,544.584,532074197256.0
2025-08-31T23:42:35.958118,100.0,84242.0,11107.0,69.0,581.57,532074266785.0
2025-08-31T23:42:36.058197,100.0,84242.0,11107.0,66.0,634.583,532074336927.0
2025-08-31T23:42:36.158132,97.0,84242.0,11107.0,63.0,624.566,532074375760.0
2025-08-31T23:42:36.258128,97.0,84242.0,11107.0,63.0,603.368,532074408814.0
2025-08-31T23:42:36.358159,76.0,84242.0,11107.0,62.0,575.899,532074444938.0
2025-08-31T23:42:36.458160,76.0,84242.0,11107.0,64.0,551.013,532074476770.0
2025-08-31T23:42:36.558101,76.0,84242.0,11107.0,64.0,551.013,532074476770.0
2025-08-31T23:42:36.658052,72.0,84242.0,11107.0,65.0,529.655,532074519417.0
2025-08-31T23:42:36.758026,72.0,84242.0,11107.0,67.0,521.329,532074578443.0
2025-08-31T23:42:36.858042,89.0,84242.0,11107.0,65.0,512.19,532074636636.0
2025-08-31T23:42:36.958167,89.0,84242.0,11107.0,65.0,444.107,532074712651.0
2025-08-31T23:42:37.058164,80.0,84242.0,11107.0,61.0,409.736,532074743569.0
2025-08-31T23:42:37.158120,80.0,84242.0,11107.0,60.0,394.502,532074772909.0
2025-08-31T23:42:37.258196,82.0,84242.0,11107.0,59.0,390.932,532074801727.0
2025-08-31T23:42:37.358081,82.0,84242.0,11107.0,58.0,383.019,532074829590.0
2025-08-31T23:42:37.458351,88.0,84242.0,11107.0,57.0,376.847,532074856450.0
2025-08-31T23:42:37.558225,93.0,84242.0,11107.0,57.0,363.531,532074884291.0
2025-08-31T23:42:37.658085,93.0,84242.0,11107.0,57.0,324.538,532074912635.0
2025-08-31T23:42:37.758103,94.0,84242.0,11107.0,56.0,295.917,532074935936.0
2025-08-31T23:42:37.858325,94.0,84242.0,11107.0,62.0,310.644,532074979129.0
2025-08-31T23:42:37.958204,68.0,84242.0,11107.0,61.0,328.504,532075034234.0
2025-08-31T23:42:38.058194,68.0,84242.0,11107.0,64.0,363.407,532075087815.0
2025-08-31T23:42:38.158241,68.0,84242.0,11107.0,66.0,393.747,532075152964.0
2025-08-31T23:42:38.258177,68.0,84242.0,11107.0,66.0,393.747,532075206726.0
2025-08-31T23:42:38.358198,93.0,84242.0,11107.0,67.0,436.205,532075206726.0
2025-08-31T23:42:38.458142,93.0,84242.0,11107.0,68.0,468.843,532075274500.0
2025-08-31T23:42:38.558211,85.0,84242.0,11107.0,68.0,512.552,532075339868.0
2025-08-31T23:42:38.658214,100.0,84242.0,11107.0,70.0,557.648,532075476374.0
2025-08-31T23:42:38.758303,100.0,84242.0,11107.0,70.0,596.354,532075544713.0
2025-08-31T23:42:38.857583,100.0,84242.0,11107.0,65.0,629.204,532075602898.0
2025-08-31T23:42:38.957760,100.0,84242.0,11107.0,63.0,609.849,532075637023.0
2025-08-31T23:42:39.058155,92.0,84242.0,11107.0,63.0,590.956,532075671541.0
2025-08-31T23:42:39.158057,92.0,84242.0,11107.0,62.0,558.67,532075704320.0
2025-08-31T23:42:39.258177,74.0,84242.0,11107.0,65.0,541.608,532075741927.0
2025-08-31T23:42:39.358104,74.0,84242.0,11107.0,67.0,525.58,532075795885.0
2025-08-31T23:42:39.458031,81.0,84242.0,11107.0,65.0,508.054,532075842034.0
2025-08-31T23:42:39.558158,81.0,84242.0,11107.0,64.0,475.719,532075883907.0
2025-08-31T23:42:39.658181,84.0,84242.0,11107.0,63.0,459.68,532075935197.0
2025-08-31T23:42:39.758291,84.0,84242.0,11107.0,61.0,438.828,532075971348.0
2025-08-31T23:42:39.858289,84.0,84242.0,11107.0,60.0,395.958,532076000673.0
2025-08-31T23:42:39.958091,84.0,84242.0,11107.0,59.0,391.094,532076029746.0
2025-08-31T23:42:40.058200,89.0,84242.0,11107.0,58.0,386.124,532076058363.0
2025-08-31T23:42:40.158285,89.0,84242.0,11107.0,57.0,379.057,532076086486.0
2025-08-31T23:42:40.258249,93.0,84242.0,11107.0,57.0,372.49,532076113393.0
2025-08-31T23:42:40.358053,93.0,84242.0,11107.0,57.0,344.115,532076141462.0
2025-08-31T23:42:40.467823,93.0,84242.0,11107.0,57.0,344.115,532076141462.0
2025-08-31T23:42:40.564155,73.0,84242.0,11107.0,59.0,325.768,532076167126.0
2025-08-31T23:42:40.658225,73.0,84242.0,11107.0,64.0,337.614,532076279935.0
2025-08-31T23:42:40.758223,87.0,84242.0,11107.0,62.0,342.726,532076329509.0
2025-08-31T23:42:40.858167,87.0,84242.0,11107.0,66.0,400.803,532076397091.0
2025-08-31T23:42:40.958148,93.0,84242.0,11107.0,67.0,441.112,532076464650.0
2025-08-31T23:42:41.058176,93.0,84242.0,11107.0,64.0,473.767,532076521211.0
2025-08-31T23:42:41.158152,88.0,84242.0,11107.0,68.0,516.748,532076588516.0
2025-08-31T23:42:41.258221,88.0,84242.0,11107.0,68.0,552.662,532076656249.0
2025-08-31T23:42:41.358203,100.0,84242.0,11107.0,68.0,591.785,532076724750.0
2025-08-31T23:42:41.458203,100.0,84242.0,11107.0,69.0,626.228,532076790973.0
2025-08-31T23:42:41.558164,100.0,84242.0,11107.0,65.0,604.741,532076841295.0
2025-08-31T23:42:41.658149,100.0,84242.0,11107.0,63.0,589.39,532076875788.0
2025-08-31T23:42:41.758072,79.0,84242.0,11107.0,62.0,558.225,532076909140.0
2025-08-31T23:42:41.858000,79.0,84242.0,11107.0,62.0,532.793,532076945528.0
2025-08-31T23:42:41.958034,79.0,84242.0,11107.0,62.0,532.793,532076979225.0
2025-08-31T23:42:42.057872,76.0,84242.0,11107.0,63.0,511.504,532076979225.0
2025-08-31T23:42:42.158069,76.0,84242.0,11107.0,66.0,522.302,532077041720.0
2025-08-31T23:42:42.258042,81.0,84242.0,11107.0,64.0,488.109,532077100670.0
2025-08-31T23:42:42.357992,81.0,84242.0,11107.0,66.0,472.118,532077136065.0
2025-08-31T23:42:42.458059,82.0,84242.0,11107.0,63.0,433.892,532077216281.0
2025-08-31T23:42:42.558078,82.0,84242.0,11107.0,61.0,407.888,532077245653.0
2025-08-31T23:42:42.658041,82.0,84242.0,11107.0,59.0,404.778,532077275438.0
2025-08-31T23:42:42.757880,88.0,84242.0,11107.0,58.0,398.301,532077304749.0
2025-08-31T23:42:42.858062,88.0,84242.0,11107.0,56.0,393.069,532077331746.0
2025-08-31T23:42:42.958153,82.0,84242.0,11107.0,62.0,383.016,532077359889.0
2025-08-31T23:42:43.058146,82.0,84242.0,11107.0,64.0,370.434,532077408974.0
2025-08-31T23:42:43.158200,79.0,84242.0,11107.0,65.0,364.993,532077464283.0
2025-08-31T23:42:43.258197,79.0,84242.0,11107.0,62.0,392.478,532077527839.0
2025-08-31T23:42:43.358171,90.0,84242.0,11107.0,67.0,395.581,532077577642.0
2025-08-31T23:42:43.458219,90.0,84242.0,11107.0,69.0,424.831,532077642075.0
2025-08-31T23:42:43.558225,91.0,84242.0,11107.0,69.0,464.529,532077711256.0
2025-08-31T23:42:43.658237,91.0,84242.0,11107.0,69.0,509.628,532077781391.0
2025-08-31T23:42:43.758201,100.0,84242.0,11107.0,71.0,551.394,532077851967.0
2025-08-31T23:42:43.858175,100.0,84242.0,11107.0,70.0,594.613,532077918690.0
2025-08-31T23:42:43.958204,100.0,84242.0,11107.0,70.0,594.613,532077984140.0
2025-08-31T23:42:44.058181,100.0,84242.0,11107.0,65.0,622.792,532078020786.0
2025-08-31T23:42:44.158091,100.0,84242.0,11107.0,63.0,577.358,532078053448.0
2025-08-31T23:42:44.258160,83.0,84242.0,11107.0,63.0,563.753,532078090200.0
2025-08-31T23:42:44.358113,83.0,84242.0,11107.0,62.0,563.753,532078090200.0
2025-08-31T23:42:44.458107,76.0,84242.0,11107.0,65.0,547.869,532078129923.0
2025-08-31T23:42:44.558061,76.0,84242.0,11107.0,66.0,536.452,532078179682.0
2025-08-31T23:42:44.658098,78.0,84242.0,11107.0,65.0,506.53,532078233488.0
2025-08-31T23:42:44.758228,78.0,84242.0,11107.0,66.0,483.016,532078321606.0
2025-08-31T23:42:44.858168,79.0,84242.0,11107.0,64.0,463.579,532078374247.0
2025-08-31T23:42:44.958129,79.0,84242.0,11107.0,61.0,427.928,532078405038.0
2025-08-31T23:42:45.058108,84.0,84242.0,11107.0,60.0,413.198,532078434575.0
2025-08-31T23:42:45.158136,84.0,84242.0,11107.0,59.0,408.519,532078463692.0
2025-08-31T23:42:45.258148,86.0,84242.0,11107.0,58.0,403.543,532078492103.0
2025-08-31T23:42:45.358143,86.0,84242.0,11107.0,58.0,390.271,532078519405.0
2025-08-31T23:42:45.458210,90.0,84242.0,11107.0,57.0,376.964,532078547408.0
2025-08-31T23:42:45.558190,90.0,84242.0,11107.0,57.0,352.672,532078575044.0
2025-08-31T23:42:45.658226,94.0,84242.0,11107.0,57.0,321.241,532078602939.0
2025-08-31T23:42:45.758174,94.0,84242.0,11107.0,56.0,295.049,532078630719.0
2025-08-31T23:42:45.857969,94.0,84242.0,11107.0,56.0,280.769,532078658657.0
2025-08-31T23:42:45.958092,94.0,84242.0,11107.0,59.0,291.535,532078682237.0
2025-08-31T23:42:46.058133,94.0,84242.0,11107.0,63.0,321.057,532078731244.0
2025-08-31T23:42:46.158241,94.0,84242.0,11107.0,63.0,321.057,532078788621.0
2025-08-31T23:42:46.258236,94.0,84242.0,11107.0,63.0,321.057,532078788621.0
2025-08-31T23:42:46.358140,94.0,84242.0,11107.0,66.0,353.152,532078849987.0
2025-08-31T23:42:46.458174,94.0,84242.0,11107.0,65.0,386.474,532078903076.0
2025-08-31T23:42:46.558169,86.0,84242.0,11107.0,68.0,422.518,532079033690.0
2025-08-31T23:42:46.658217,86.0,84242.0,11107.0,68.0,464.113,532079097422.0
2025-08-31T23:42:46.758205,100.0,84242.0,11107.0,69.0,501.71,532079167663.0
2025-08-31T23:42:46.858190,100.0,84242.0,11107.0,68.0,552.238,532079231867.0
2025-08-31T23:42:46.958227,100.0,84242.0,11107.0,70.0,582.905,532079303021.0
2025-08-31T23:42:47.058143,100.0,84242.0,11107.0,65.0,630.793,532079347370.0
2025-08-31T23:42:47.158210,88.0,84242.0,11107.0,63.0,613.691,532079380032.0
2025-08-31T23:42:47.258212,88.0,84242.0,11107.0,62.0,590.173,532079415493.0
2025-08-31T23:42:47.358045,77.0,84242.0,11107.0,63.0,559.604,532079453170.0
2025-08-31T23:42:47.458026,77.0,84242.0,11107.0,66.0,555.193,532079507779.0
2025-08-31T23:42:47.558194,80.0,84242.0,11107.0,66.0,542.628,532079561445.0
2025-08-31T23:42:47.658183,80.0,84242.0,11107.0,67.0,534.162,532079619577.0
2025-08-31T23:42:47.758214,84.0,84242.0,11107.0,66.0,521.481,532079669604.0
2025-08-31T23:42:47.858144,84.0,84242.0,11107.0,62.0,490.234,532079702416.0
2025-08-31T23:42:47.958170,81.0,84242.0,11107.0,61.0,454.546,532079732640.0
2025-08-31T23:42:48.058048,81.0,84242.0,11107.0,61.0,420.513,532079762206.0
2025-08-31T23:42:48.158147,85.0,84242.0,11107.0,59.0,416.209,532079791308.0
2025-08-31T23:42:48.258184,85.0,84242.0,11107.0,59.0,408.659,532079820615.0
2025-08-31T23:42:48.358217,91.0,84242.0,11107.0,58.0,398.778,532079820615.0
2025-08-31T23:42:48.458166,91.0,84242.0,11107.0,57.0,375.66,532079846013.0
2025-08-31T23:42:48.558061,94.0,84242.0,11107.0,57.0,359.035,532079873958.0
2025-08-31T23:42:48.664084,94.0,84242.0,11107.0,57.0,314.558,532079925282.0
2025-08-31T23:42:48.758136,73.0,84242.0,11107.0,64.0,309.75,532079981409.0
2025-08-31T23:42:48.858172,73.0,84242.0,11107.0,64.0,335.364,532080043936.0
2025-08-31T23:42:48.958228,94.0,84242.0,11107.0,65.0,368.774,532080107215.0
2025-08-31T23:42:49.058183,94.0,84242.0,11107.0,66.0,388.94,532080156134.0
2025-08-31T23:42:49.158235,83.0,84242.0,11107.0,66.0,429.466,532080226841.0
2025-08-31T23:42:49.258220,83.0,84242.0,11107.0,69.0,472.229,532080294369.0
2025-08-31T23:42:49.358181,100.0,84242.0,11107.0,69.0,516.303,532080361152.0
2025-08-31T23:42:49.458191,100.0,84242.0,11107.0,69.0,559.035,532080431178.0
2025-08-31T23:42:49.558213,100.0,84242.0,11107.0,70.0,597.381,532080498062.0
2025-08-31T23:42:49.658148,100.0,84242.0,11107.0,70.0,634.835,532080565324.0
2025-08-31T23:42:49.758181,97.0,84242.0,11107.0,65.0,619.568,532080603111.0
2025-08-31T23:42:49.858031,97.0,84242.0,11107.0,63.0,583.941,532080636400.0
2025-08-31T23:42:49.958019,97.0,84242.0,11107.0,62.0,558.033,532080670042.0
2025-08-31T23:42:50.058018,77.0,84242.0,11107.0,62.0,551.775,532080670042.0
2025-08-31T23:42:50.158117,77.0,84242.0,11107.0,62.0,529.26,532080716960.0
2025-08-31T23:42:50.258014,77.0,84242.0,11107.0,67.0,526.714,532080762411.0
2025-08-31T23:42:50.358018,77.0,84242.0,11107.0,65.0,503.207,532080822648.0
2025-08-31T23:42:50.458009,83.0,84242.0,11107.0,63.0,478.352,532080912199.0
2025-08-31T23:42:50.558055,83.0,84242.0,11107.0,64.0,453.088,532080957302.0
2025-08-31T23:42:50.658059,77.0,84242.0,11107.0,61.0,453.088,532080986949.0
2025-08-31T23:42:50.758112,77.0,84242.0,11107.0,60.0,414.783,532081016108.0
2025-08-31T23:42:50.858085,85.0,84242.0,11107.0,59.0,409.615,532081045974.0
2025-08-31T23:42:50.958113,85.0,84242.0,11107.0,58.0,408.82,532081075238.0
2025-08-31T23:42:51.058068,87.0,84242.0,11107.0,57.0,394.304,532081102264.0
2025-08-31T23:42:51.158012,87.0,84242.0,11107.0,57.0,379.289,532081130099.0
2025-08-31T23:42:51.258030,93.0,84242.0,11107.0,62.0,344.027,532081165624.0
2025-08-31T23:42:51.358126,93.0,84242.0,11107.0,64.0,337.99,532081213439.0
2025-08-31T23:42:51.458009,75.0,84242.0,11107.0,66.0,350.555,532081269904.0
2025-08-31T23:42:51.558346,75.0,84242.0,11107.0,63.0,368.078,532081335155.0
2025-08-31T23:42:51.658356,87.0,84242.0,11107.0,67.0,389.555,532081385098.0
2025-08-31T23:42:51.758239,87.0,84242.0,11107.0,69.0,432.916,532081385098.0
2025-08-31T23:42:51.858151,100.0,84242.0,11107.0,69.0,471.503,532081451573.0
2025-08-31T23:42:51.958179,100.0,84242.0,11107.0,69.0,471.503,532081520863.0
2025-08-31T23:42:52.058140,100.0,84242.0,11107.0,69.0,513.966,532081662033.0
2025-08-31T23:42:52.158188,100.0,84242.0,11107.0,69.0,561.385,532081730026.0
2025-08-31T23:42:52.258194,100.0,84242.0,11107.0,70.0,601.279,532081794551.0
2025-08-31T23:42:52.358131,97.0,84242.0,11107.0,65.0,622.109,532081828101.0
2025-08-31T23:42:52.458013,97.0,84242.0,11107.0,64.0,605.66,532081860038.0
2025-08-31T23:42:52.558116,73.0,84242.0,11107.0,62.0,582.198,532081892920.0
2025-08-31T23:42:52.658131,73.0,84242.0,11107.0,63.0,552.407,532081938062.0
2025-08-31T23:42:52.758064,79.0,84242.0,11107.0,62.0,551.566,532081982254.0
2025-08-31T23:42:52.858176,79.0,84242.0,11107.0,63.0,528.541,532082029894.0
2025-08-31T23:42:52.957993,77.0,84242.0,11107.0,64.0,505.93,532082076308.0
2025-08-31T23:42:53.058056,77.0,84242.0,11107.0,66.0,486.517,532082129990.0
2025-08-31T23:42:53.158055,83.0,84242.0,11107.0,65.0,465.239,532082175421.0
2025-08-31T23:42:53.258597,83.0,84242.0,11107.0,61.0,437.959,532082205153.0
2025-08-31T23:42:53.358107,85.0,84242.0,11107.0,60.0,409.959,532082234809.0
2025-08-31T23:42:53.458045,85.0,84242.0,11107.0,59.0,406.317,532082263853.0
2025-08-31T23:42:53.558206,89.0,84242.0,11107.0,58.0,402.868,532082263853.0
2025-08-31T23:42:53.658148,89.0,84242.0,11107.0,58.0,395.149,532082292832.0
2025-08-31T23:42:53.758017,93.0,84242.0,11107.0,57.0,377.392,532082320456.0
2025-08-31T23:42:53.858025,93.0,84242.0,11107.0,57.0,355.123,532082348217.0
2025-08-31T23:42:53.958146,75.0,84242.0,11107.0,63.0,344.359,532082421911.0
2025-08-31T23:42:54.058294,75.0,84242.0,11107.0,65.0,353.886,532082485621.0
2025-08-31T23:42:54.158265,93.0,84242.0,11107.0,66.0,359.359,532082543402.0
2025-08-31T23:42:54.258213,93.0,84242.0,11107.0,67.0,394.061,532082611195.0
2025-08-31T23:42:54.358146,94.0,84242.0,11107.0,66.0,431.629,532082676857.0
2025-08-31T23:42:54.458216,94.0,84242.0,11107.0,69.0,464.668,532082731290.0
2025-08-31T23:42:54.558202,89.0,84242.0,11107.0,69.0,502.801,532082801428.0
2025-08-31T23:42:54.658241,89.0,84242.0,11107.0,69.0,542.24,532082865597.0
2025-08-31T23:42:54.758298,100.0,84242.0,11107.0,70.0,575.544,532082932669.0
2025-08-31T23:42:54.858158,100.0,84242.0,11107.0,68.0,623.984,532082999014.0
2025-08-31T23:42:54.958247,100.0,84242.0,11107.0,64.0,624.764,532083043585.0
2025-08-31T23:42:55.058233,100.0,84242.0,11107.0,62.0,597.455,532083075574.0
2025-08-31T23:42:55.158317,75.0,84242.0,11107.0,62.0,574.219,532083109729.0
2025-08-31T23:42:55.258135,75.0,84242.0,11107.0,64.0,544.875,532083148616.0
2025-08-31T23:42:55.358192,79.0,84242.0,11107.0,67.0,526.194,532083195256.0
2025-08-31T23:42:55.457981,79.0,84242.0,11107.0,65.0,528.106,532083254489.0
2025-08-31T23:42:55.558153,85.0,84242.0,11107.0,64.0,507.537,532083296777.0
2025-08-31T23:42:55.658040,85.0,84242.0,11107.0,64.0,507.537,532083345207.0
2025-08-31T23:42:55.758073,85.0,84242.0,11107.0,63.0,486.915,532083345207.0
2025-08-31T23:42:55.858134,76.0,84242.0,11107.0,62.0,460.021,532083391853.0
2025-08-31T23:42:55.958052,76.0,84242.0,11107.0,60.0,424.846,532083423525.0
2025-08-31T23:42:56.058105,77.0,84242.0,11107.0,59.0,407.325,532083481423.0
2025-08-31T23:42:56.158144,77.0,84242.0,11107.0,58.0,403.752,532083510159.0
2025-08-31T23:42:56.258150,89.0,84242.0,11107.0,58.0,397.734,532083537701.0
2025-08-31T23:42:56.358214,89.0,84242.0,11107.0,58.0,381.488,532083561378.0
2025-08-31T23:42:56.458185,93.0,84242.0,11107.0,64.0,370.105,532083616416.0
2025-08-31T23:42:56.558270,93.0,84242.0,11107.0,62.0,370.0,532083670368.0
2025-08-31T23:42:56.658234,72.0,84242.0,11107.0,64.0,379.271,532083727016.0
2025-08-31T23:42:56.758237,72.0,84242.0,11107.0,67.0,388.734,532083789195.0
2025-08-31T23:42:56.858234,81.0,84242.0,11107.0,68.0,417.041,532083855269.0
2025-08-31T23:42:56.958219,81.0,84242.0,11107.0,69.0,455.555,532083923956.0
2025-08-31T23:42:57.058236,100.0,84242.0,11107.0,70.0,490.213,532083992468.0
2025-08-31T23:42:57.158267,100.0,84242.0,11107.0,69.0,527.001,532084060497.0
2025-08-31T23:42:57.258651,100.0,84242.0,11107.0,69.0,571.84,532084119579.0
2025-08-31T23:42:57.358314,100.0,84242.0,11107.0,70.0,614.916,532084119579.0
2025-08-31T23:42:57.458165,94.0,84242.0,11107.0,64.0,611.962,532084185885.0
2025-08-31T23:42:57.557994,94.0,84242.0,11107.0,63.0,589.472,532084230299.0
2025-08-31T23:42:57.658199,88.0,84242.0,11107.0,62.0,573.97,532084264341.0
2025-08-31T23:42:57.758128,88.0,84242.0,11107.0,63.0,551.023,532084337371.0
2025-08-31T23:42:57.858247,77.0,84242.0,11107.0,66.0,532.455,532084385976.0
2025-08-31T23:42:57.958048,77.0,84242.0,11107.0,65.0,511.349,532084436814.0
2025-08-31T23:42:58.058167,80.0,84242.0,11107.0,67.0,491.904,532084484335.0
2025-08-31T23:42:58.158069,80.0,84242.0,11107.0,64.0,486.256,532084544781.0
2025-08-31T23:42:58.258048,80.0,84242.0,11107.0,62.0,465.273,532084577982.0
2025-08-31T23:42:58.358044,80.0,84242.0,11107.0,60.0,428.694,532084608661.0
2025-08-31T23:42:58.458046,86.0,84242.0,11107.0,60.0,407.518,532084638425.0
2025-08-31T23:42:58.557993,86.0,84242.0,11107.0,59.0,403.0,532084667625.0
2025-08-31T23:42:58.657967,92.0,84242.0,11107.0,58.0,398.791,532084695698.0
2025-08-31T23:42:58.758013,92.0,84242.0,11107.0,58.0,390.072,532084721997.0
2025-08-31T23:42:58.858140,71.0,84242.0,11107.0,63.0,378.178,532084759577.0
2025-08-31T23:42:58.958113,71.0,84242.0,11107.0,66.0,374.787,532084810235.0
2025-08-31T23:42:59.058165,91.0,84242.0,11107.0,62.0,389.522,532084872935.0
2025-08-31T23:42:59.158221,91.0,84242.0,11107.0,68.0,385.968,532084924938.0
2025-08-31T23:42:59.258201,89.0,84242.0,11107.0,69.0,411.055,532084993998.0
2025-08-31T23:42:59.358195,89.0,84242.0,11107.0,67.0,461.601,532085063345.0
2025-08-31T23:42:59.458222,89.0,84242.0,11107.0,67.0,461.601,532085128275.0
2025-08-31T23:42:59.558182,100.0,84242.0,11107.0,68.0,493.263,532085128275.0
2025-08-31T23:42:59.658170,100.0,84242.0,11107.0,70.0,530.214,532085191831.0
2025-08-31T23:42:59.758180,100.0,84242.0,11107.0,71.0,562.184,532085258950.0
2025-08-31T23:42:59.858137,100.0,84242.0,11107.0,68.0,620.555,532085328241.0
2025-08-31T23:42:59.958119,89.0,84242.0,11107.0,64.0,591.191,532085414407.0
2025-08-31T23:43:00.058032,89.0,84242.0,11107.0,63.0,573.465,532085447592.0
2025-08-31T23:43:00.157964,76.0,84242.0,11107.0,63.0,544.518,532085482377.0
2025-08-31T23:43:00.258079,76.0,84242.0,11107.0,65.0,544.518,532085524849.0
2025-08-31T23:43:00.358034,76.0,84242.0,11107.0,67.0,522.988,532085582156.0
2025-08-31T23:43:00.463719,76.0,84242.0,11107.0,66.0,507.297,532085623323.0
2025-08-31T23:43:00.557956,83.0,84242.0,11107.0,65.0,485.242,532085663785.0
2025-08-31T23:43:00.658155,83.0,84242.0,11107.0,67.0,469.176,532085718925.0
2025-08-31T23:43:00.758177,82.0,84242.0,11107.0,62.0,449.366,532085759909.0
2025-08-31T23:43:00.858072,82.0,84242.0,11107.0,61.0,410.897,532085790130.0
2025-08-31T23:43:00.958080,82.0,84242.0,11107.0,60.0,403.36,532085818735.0
2025-08-31T23:43:01.058154,82.0,84242.0,11107.0,59.0,396.047,532085847572.0
2025-08-31T23:43:01.157997,89.0,84242.0,11107.0,58.0,384.205,532085876164.0
2025-08-31T23:43:01.258034,89.0,84242.0,11107.0,60.0,376.452,532085901746.0
2025-08-31T23:43:01.358093,70.0,84242.0,11107.0,62.0,375.488,532085945409.0
2025-08-31T23:43:01.458141,70.0,84242.0,11107.0,62.0,375.488,532085945409.0
2025-08-31T23:43:01.558263,70.0,84242.0,11107.0,62.0,385.738,532086006079.0
2025-08-31T23:43:01.658191,87.0,84242.0,11107.0,67.0,404.164,532086060067.0
2025-08-31T23:43:01.758232,83.0,84242.0,11107.0,63.0,408.966,532086121013.0
2025-08-31T23:43:01.858161,83.0,84242.0,11107.0,69.0,456.748,532086256083.0
2025-08-31T23:43:01.958166,100.0,84242.0,11107.0,69.0,490.543,532086319067.0
2025-08-31T23:43:02.058240,100.0,84242.0,11107.0,69.0,525.125,532086388917.0
2025-08-31T23:43:02.158238,100.0,84242.0,11107.0,70.0,578.956,532086458052.0
2025-08-31T23:43:02.258258,100.0,84242.0,11107.0,70.0,614.603,532086524237.0
2025-08-31T23:43:02.358228,100.0,84242.0,11107.0,71.0,619.688,532086575352.0
2025-08-31T23:43:02.458184,100.0,84242.0,11107.0,63.0,598.333,532086608769.0
2025-08-31T23:43:02.558084,79.0,84242.0,11107.0,62.0,577.081,532086641693.0
2025-08-31T23:43:02.658181,79.0,84242.0,11107.0,65.0,556.924,532086678356.0
2025-08-31T23:43:02.758180,75.0,84242.0,11107.0,62.0,538.895,532086726669.0
2025-08-31T23:43:02.858186,75.0,84242.0,11107.0,67.0,506.967,532086761041.0
2025-08-31T23:43:02.958126,68.0,84242.0,11107.0,66.0,497.501,532086824062.0
2025-08-31T23:43:03.058102,68.0,84242.0,11107.0,63.0,480.846,532086876818.0
2025-08-31T23:43:03.158036,68.0,84242.0,11107.0,63.0,480.846,532086918913.0
2025-08-31T23:43:03.258062,87.0,84242.0,11107.0,63.0,453.191,532086918913.0
2025-08-31T23:43:03.358095,87.0,84242.0,11107.0,61.0,421.027,532086954567.0
2025-08-31T23:43:03.457957,80.0,84242.0,11107.0,60.0,406.458,532086984782.0
2025-08-31T23:43:03.557808,80.0,84242.0,11107.0,59.0,401.706,532087013944.0
2025-08-31T23:43:03.657907,86.0,84242.0,11107.0,58.0,396.804,532087072271.0
2025-08-31T23:43:03.757991,86.0,84242.0,11107.0,58.0,384.054,532087099211.0
2025-08-31T23:43:03.858055,92.0,84242.0,11107.0,59.0,365.587,532087136823.0
2025-08-31T23:43:03.958177,92.0,84242.0,11107.0,65.0,369.938,532087195009.0
2025-08-31T23:43:04.057907,70.0,84242.0,11107.0,66.0,383.216,532087256757.0
2025-08-31T23:43:04.157979,70.0,84242.0,11107.0,66.0,386.512,532087308029.0
2025-08-31T23:43:04.258236,91.0,84242.0,11107.0,68.0,409.504,532087375480.0
2025-08-31T23:43:04.358164,91.0,84242.0,11107.0,68.0,444.031,532087441911.0
2025-08-31T23:43:04.458244,91.0,84242.0,11107.0,70.0,479.054,532087506383.0
2025-08-31T23:43:04.558295,91.0,84242.0,11107.0,69.0,520.877,532087573498.0
2025-08-31T23:43:04.658219,100.0,84242.0,11107.0,70.0,557.429,532087641026.0
2025-08-31T23:43:04.758222,100.0,84242.0,11107.0,70.0,596.072,532087701764.0
2025-08-31T23:43:04.858185,100.0,84242.0,11107.0,66.0,624.7,532087701764.0
2025-08-31T23:43:04.958220,100.0,84242.0,11107.0,64.0,607.905,532087765052.0
2025-08-31T23:43:05.058280,90.0,84242.0,11107.0,62.0,579.451,532087834325.0
2025-08-31T23:43:05.158173,90.0,84242.0,11107.0,65.0,560.198,532087864377.0
2025-08-31T23:43:05.258233,77.0,84242.0,11107.0,63.0,535.178,532087910631.0
2025-08-31T23:43:05.358162,77.0,84242.0,11107.0,66.0,521.628,532087963462.0
2025-08-31T23:43:05.458201,85.0,84242.0,11107.0,64.0,513.007,532088013946.0
2025-08-31T23:43:05.558121,85.0,84242.0,11107.0,67.0,480.825,532088056289.0
2025-08-31T23:43:05.658167,83.0,84242.0,11107.0,64.0,469.695,532088111545.0
2025-08-31T23:43:05.758182,83.0,84242.0,11107.0,61.0,447.912,532088144779.0
2025-08-31T23:43:05.858151,85.0,84242.0,11107.0,60.0,408.145,532088174522.0
2025-08-31T23:43:05.958166,85.0,84242.0,11107.0,60.0,401.96,532088204386.0
2025-08-31T23:43:06.058136,90.0,84242.0,11107.0,59.0,397.49,532088234344.0
2025-08-31T23:43:06.158048,90.0,84242.0,11107.0,58.0,395.822,532088261910.0
2025-08-31T23:43:06.258041,73.0,84242.0,11107.0,61.0,373.117,532088284987.0
2025-08-31T23:43:06.358282,73.0,84242.0,11107.0,65.0,363.534,532088328287.0
2025-08-31T23:43:06.458128,88.0,84242.0,11107.0,66.0,378.387,532088384358.0
2025-08-31T23:43:06.558222,88.0,84242.0,11107.0,66.0,378.387,532088453367.0
2025-08-31T23:43:06.658192,88.0,84242.0,11107.0,65.0,396.438,532088453367.0
2025-08-31T23:43:06.758252,86.0,84242.0,11107.0,67.0,444.709,532088503352.0
2025-08-31T23:43:06.858158,86.0,84242.0,11107.0,68.0,444.709,532088569872.0
2025-08-31T23:43:06.958205,100.0,84242.0,11107.0,70.0,490.346,532088703503.0
2025-08-31T23:43:07.058172,100.0,84242.0,11107.0,68.0,523.268,532088770898.0
2025-08-31T23:43:07.158195,100.0,84242.0,11107.0,69.0,559.173,532088835038.0
2025-08-31T23:43:07.258208,100.0,84242.0,11107.0,71.0,609.17,532088896991.0
2025-08-31T23:43:07.358187,100.0,84242.0,11107.0,64.0,617.855,532088940779.0
2025-08-31T23:43:07.458169,100.0,84242.0,11107.0,63.0,588.873,532088973686.0
2025-08-31T23:43:07.558050,77.0,84242.0,11107.0,62.0,555.233,532089006999.0
2025-08-31T23:43:07.658088,77.0,84242.0,11107.0,62.0,543.95,532089042053.0
2025-08-31T23:43:07.758209,75.0,84242.0,11107.0,67.0,518.637,532089087063.0
2025-08-31T23:43:07.858060,75.0,84242.0,11107.0,64.0,508.402,532089149221.0
2025-08-31T23:43:07.958086,89.0,84242.0,11107.0,65.0,479.25,532089189005.0
2025-08-31T23:43:08.058124,89.0,84242.0,11107.0,67.0,461.686,532089235219.0
2025-08-31T23:43:08.158030,75.0,84242.0,11107.0,62.0,448.807,532089285416.0
2025-08-31T23:43:08.258094,75.0,84242.0,11107.0,61.0,419.433,532089319554.0
2025-08-31T23:43:08.358042,78.0,84242.0,11107.0,60.0,409.478,532089349831.0
2025-08-31T23:43:08.458043,78.0,84242.0,11107.0,60.0,409.478,532089349831.0
2025-08-31T23:43:08.558007,78.0,84242.0,11107.0,59.0,405.558,532089379530.0
2025-08-31T23:43:08.657996,87.0,84242.0,11107.0,58.0,403.967,532089408956.0
2025-08-31T23:43:08.757999,87.0,84242.0,11107.0,58.0,395.933,532089438410.0
2025-08-31T23:43:08.864299,92.0,84242.0,11107.0,61.0,367.234,532089502963.0
2025-08-31T23:43:08.958126,92.0,84242.0,11107.0,63.0,359.375,532089558261.0
2025-08-31T23:43:09.058211,72.0,84242.0,11107.0,66.0,382.828,532089623392.0
2025-08-31T23:43:09.158416,72.0,84242.0,11107.0,65.0,380.668,532089673916.0
2025-08-31T23:43:09.258262,88.0,84242.0,11107.0,67.0,397.295,532089738623.0
2025-08-31T23:43:09.358182,88.0,84242.0,11107.0,68.0,470.171,532089804558.0
2025-08-31T23:43:09.458171,93.0,84242.0,11107.0,69.0,509.823,532089874835.0
2025-08-31T23:43:09.558190,100.0,84242.0,11107.0,69.0,551.256,532089945972.0
2025-08-31T23:43:09.658203,100.0,84242.0,11107.0,69.0,589.677,532090012867.0
2025-08-31T23:43:09.758234,100.0,84242.0,11107.0,69.0,620.245,532090077016.0
2025-08-31T23:43:09.858172,100.0,84242.0,11107.0,69.0,620.245,532090119231.0
2025-08-31T23:43:09.958224,100.0,84242.0,11107.0,65.0,597.567,532090119231.0
2025-08-31T23:43:10.058185,88.0,84242.0,11107.0,63.0,574.348,532090151984.0
2025-08-31T23:43:10.158154,88.0,84242.0,11107.0,63.0,553.816,532090186452.0
2025-08-31T23:43:10.258196,78.0,84242.0,11107.0,62.0,532.527,532090259387.0
2025-08-31T23:43:10.358033,78.0,84242.0,11107.0,67.0,518.85,532090317979.0
2025-08-31T23:43:10.458083,76.0,84242.0,11107.0,64.0,517.272,532090375618.0
2025-08-31T23:43:10.558418,76.0,84242.0,11107.0,66.0,481.265,532090413882.0
2025-08-31T23:43:10.658029,89.0,84242.0,11107.0,63.0,464.073,532090467658.0
2025-08-31T23:43:10.758204,89.0,84242.0,11107.0,61.0,434.42,532090498885.0
2025-08-31T23:43:10.858211,82.0,84242.0,11107.0,60.0,407.844,532090525393.0
2025-08-31T23:43:10.958118,82.0,84242.0,11107.0,59.0,405.952,532090554396.0
2025-08-31T23:43:11.057995,77.0,84242.0,11107.0,58.0,399.897,532090583245.0
2025-08-31T23:43:11.158045,77.0,84242.0,11107.0,58.0,396.563,532090608900.0
2025-08-31T23:43:11.258265,70.0,84242.0,11107.0,61.0,379.337,532090637856.0
2025-08-31T23:43:11.358208,70.0,84242.0,11107.0,65.0,374.558,532090687964.0
2025-08-31T23:43:11.458211,82.0,84242.0,11107.0,66.0,364.242,532090736305.0
2025-08-31T23:43:11.558145,82.0,84242.0,11107.0,68.0,390.827,532090800501.0
2025-08-31T23:43:11.658208,100.0,84242.0,11107.0,69.0,404.178,532090866336.0
2025-08-31T23:43:11.758237,100.0,84242.0,11107.0,68.0,439.969,532090934187.0
2025-08-31T23:43:11.858198,90.0,84242.0,11107.0,69.0,473.686,532090998034.0
2025-08-31T23:43:11.958254,90.0,84242.0,11107.0,69.0,473.686,532091054956.0
2025-08-31T23:43:12.058184,90.0,84242.0,11107.0,69.0,503.127,532091054956.0
2025-08-31T23:43:12.158146,100.0,84242.0,11107.0,70.0,541.039,532091121636.0
2025-08-31T23:43:12.258174,100.0,84242.0,11107.0,70.0,589.287,532091189828.0
2025-08-31T23:43:12.358176,99.0,84242.0,11107.0,66.0,625.632,532091295755.0
2025-08-31T23:43:12.458275,99.0,84242.0,11107.0,64.0,610.54,532091330313.0
2025-08-31T23:43:12.558090,77.0,84242.0,11107.0,64.0,568.616,532091367346.0
2025-08-31T23:43:12.658277,77.0,84242.0,11107.0,63.0,538.932,532091408130.0
2025-08-31T23:43:12.758125,75.0,84242.0,11107.0,63.0,518.607,532091451360.0
2025-08-31T23:43:12.858199,75.0,84242.0,11107.0,67.0,526.371,532091515176.0
2025-08-31T23:43:12.958224,88.0,84242.0,11107.0,67.0,513.944,532091571068.0
2025-08-31T23:43:13.058198,88.0,84242.0,11107.0,63.0,454.515,532091600450.0
2025-08-31T23:43:13.158184,60.0,84242.0,11107.0,59.0,400.61,532091614966.0
2025-08-31T23:43:13.258111,60.0,84242.0,11107.0,57.0,362.956,532091629169.0
2025-08-31T23:43:13.358082,0.0,84242.0,11107.0,61.0,367.946,532091664839.0
2025-08-31T23:43:13.458213,0.0,84242.0,11107.0,59.0,365.533,532091696578.0
2025-08-31T23:43:13.558153,76.0,84242.0,11107.0,58.0,350.497,532091725624.0
2025-08-31T23:43:13.658112,76.0,84242.0,11107.0,58.0,344.749,532091754603.0
2025-08-31T23:43:13.758378,88.0,84242.0,11107.0,57.0,318.229,532091782339.0
2025-08-31T23:43:13.858124,88.0,84242.0,11107.0,57.0,277.835,532091809624.0
2025-08-31T23:43:13.958099,94.0,84242.0,11107.0,59.0,271.713,532091833605.0
2025-08-31T23:43:14.058158,94.0,84242.0,11107.0,64.0,271.713,532091833605.0
2025-08-31T23:43:14.158235,73.0,84242.0,11107.0,66.0,317.091,532091892561.0
2025-08-31T23:43:14.258267,73.0,84242.0,11107.0,65.0,381.833,532092016431.0
2025-08-31T23:43:14.358203,82.0,84242.0,11107.0,67.0,399.682,532092072202.0
2025-08-31T23:43:14.458250,82.0,84242.0,11107.0,69.0,436.395,532092138317.0
2025-08-31T23:43:14.558224,100.0,84242.0,11107.0,70.0,473.674,532092203787.0
2025-08-31T23:43:14.658230,100.0,84242.0,11107.0,70.0,507.09,532092267721.0
2025-08-31T23:43:14.758363,100.0,84242.0,11107.0,71.0,541.715,532092330805.0
2025-08-31T23:43:14.858394,100.0,84242.0,11107.0,71.0,575.875,532092395009.0
2025-08-31T23:43:14.958212,100.0,84242.0,11107.0,65.0,611.563,532092457174.0
2025-08-31T23:43:15.058161,100.0,84242.0,11107.0,65.0,578.097,532092491092.0
2025-08-31T23:43:15.158247,83.0,84242.0,11107.0,63.0,552.101,532092525406.0
2025-08-31T23:43:15.258012,83.0,84242.0,11107.0,62.0,526.039,532092557402.0
2025-08-31T23:43:15.358171,76.0,84242.0,11107.0,63.0,516.64,532092602887.0
2025-08-31T23:43:15.458203,76.0,84242.0,11107.0,63.0,503.009,532092649518.0
2025-08-31T23:43:15.558165,82.0,84242.0,11107.0,66.0,474.527,532092689080.0
2025-08-31T23:43:15.658075,82.0,84242.0,11107.0,65.0,463.034,532092738024.0
2025-08-31T23:43:15.758020,81.0,84242.0,11107.0,65.0,459.359,532092789610.0
2025-08-31T23:43:15.857991,81.0,84242.0,11107.0,65.0,459.359,532092789610.0
2025-08-31T23:43:15.958059,81.0,84242.0,11107.0,61.0,432.341,532092840553.0
2025-08-31T23:43:16.057751,83.0,84242.0,11107.0,60.0,415.42,532092871359.0
2025-08-31T23:43:16.158121,83.0,84242.0,11107.0,59.0,410.485,532092900585.0
2025-08-31T23:43:16.257924,86.0,84242.0,11107.0,59.0,405.502,532092957388.0
2025-08-31T23:43:16.357971,86.0,84242.0,11107.0,58.0,395.986,532092984276.0
2025-08-31T23:43:16.458032,91.0,84242.0,11107.0,60.0,378.349,532093021142.0
2025-08-31T23:43:16.557928,91.0,84242.0,11107.0,64.0,378.08,532093072027.0
2025-08-31T23:43:16.658141,70.0,84242.0,11107.0,66.0,395.835,532093135109.0
2025-08-31T23:43:16.758137,70.0,84242.0,11107.0,65.0,400.786,532093187153.0
2025-08-31T23:43:16.858140,93.0,84242.0,11107.0,67.0,402.961,532093250936.0
2025-08-31T23:43:16.958164,93.0,84242.0,11107.0,69.0,427.793,532093316266.0
2025-08-31T23:43:17.058107,86.0,84242.0,11107.0,68.0,505.826,532093382725.0
2025-08-31T23:43:17.157906,86.0,84242.0,11107.0,69.0,550.021,532093451564.0
2025-08-31T23:43:17.258131,86.0,84242.0,11107.0,69.0,550.021,532093523435.0
2025-08-31T23:43:17.358443,100.0,84242.0,11107.0,69.0,593.438,532093523435.0
2025-08-31T23:43:17.458141,100.0,84242.0,11107.0,69.0,625.415,532093591899.0
2025-08-31T23:43:17.558114,100.0,84242.0,11107.0,65.0,610.864,532093647856.0
2025-08-31T23:43:17.658101,100.0,84242.0,11107.0,63.0,586.268,532093680381.0
2025-08-31T23:43:17.758146,77.0,84242.0,11107.0,63.0,563.443,532093749518.0
2025-08-31T23:43:17.858171,75.0,84242.0,11107.0,62.0,546.118,532093794226.0
2025-08-31T23:43:17.958177,75.0,84242.0,11107.0,65.0,529.288,532093841976.0
2025-08-31T23:43:18.057912,84.0,84242.0,11107.0,67.0,516.959,532093898588.0
2025-08-31T23:43:18.158005,84.0,84242.0,11107.0,67.0,498.288,532093943838.0
2025-08-31T23:43:18.257894,84.0,84242.0,11107.0,66.0,467.025,532093991319.0
2025-08-31T23:43:18.358150,83.0,84242.0,11107.0,64.0,437.698,532094031815.0
2025-08-31T23:43:18.458084,85.0,84242.0,11107.0,61.0,414.001,532094061390.0
2025-08-31T23:43:18.558092,85.0,84242.0,11107.0,60.0,409.531,532094091323.0
2025-08-31T23:43:18.658092,85.0,84242.0,11107.0,59.0,401.443,532094119473.0
2025-08-31T23:43:18.758230,91.0,84242.0,11107.0,58.0,395.036,532094145868.0
2025-08-31T23:43:18.858146,94.0,84242.0,11107.0,58.0,371.44,532094173562.0
2025-08-31T23:43:18.958208,94.0,84242.0,11107.0,58.0,351.192,532094201524.0
2025-08-31T23:43:19.057980,94.0,84242.0,11107.0,57.0,327.01,532094229912.0
2025-08-31T23:43:19.158066,94.0,84242.0,11107.0,56.0,303.514,532094254069.0
2025-08-31T23:43:19.258150,69.0,84242.0,11107.0,63.0,306.075,532094294917.0
2025-08-31T23:43:19.358183,69.0,84242.0,11107.0,65.0,338.071,532094354207.0
2025-08-31T23:43:19.458177,85.0,84242.0,11107.0,62.0,372.472,532094410734.0
2025-08-31T23:43:19.558185,85.0,84242.0,11107.0,67.0,407.574,532094410734.0
2025-08-31T23:43:19.658187,100.0,84242.0,11107.0,68.0,450.767,532094474036.0
2025-08-31T23:43:19.758273,100.0,84242.0,11107.0,68.0,489.682,532094540709.0
2025-08-31T23:43:19.858189,100.0,84242.0,11107.0,69.0,528.557,532094674256.0
2025-08-31T23:43:19.958223,100.0,84242.0,11107.0,67.0,554.994,532094736526.0
2025-08-31T23:43:20.058167,100.0,84242.0,11107.0,69.0,603.207,532094795503.0
2025-08-31T23:43:20.158227,93.0,84242.0,11107.0,70.0,603.207,532094864007.0
2025-08-31T23:43:20.258179,93.0,84242.0,11107.0,65.0,623.315,532094915063.0
2025-08-31T23:43:20.358120,90.0,84242.0,11107.0,63.0,600.523,532094949270.0
2025-08-31T23:43:20.457986,90.0,84242.0,11107.0,63.0,571.29,532094982626.0
2025-08-31T23:43:20.558021,77.0,84242.0,11107.0,62.0,551.002,532095020657.0
2025-08-31T23:43:20.658194,77.0,84242.0,11107.0,67.0,524.941,532095064649.0
2025-08-31T23:43:20.758217,81.0,84242.0,11107.0,68.0,519.44,532095124081.0
2025-08-31T23:43:20.857994,81.0,84242.0,11107.0,65.0,516.155,532095185419.0
2025-08-31T23:43:20.958060,92.0,84242.0,11107.0,64.0,496.238,532095228749.0
2025-08-31T23:43:21.058080,92.0,84242.0,11107.0,62.0,475.54,532095261942.0
2025-08-31T23:43:21.158044,74.0,84242.0,11107.0,61.0,434.503,532095292887.0
2025-08-31T23:43:21.258037,74.0,84242.0,11107.0,61.0,434.503,532095322666.0
2025-08-31T23:43:21.358052,74.0,84242.0,11107.0,60.0,408.069,532095322666.0
2025-08-31T23:43:21.458148,84.0,84242.0,11107.0,59.0,403.029,532095351740.0
2025-08-31T23:43:21.558063,84.0,84242.0,11107.0,58.0,398.489,532095380417.0
2025-08-31T23:43:21.658051,90.0,84242.0,11107.0,58.0,386.497,532095407506.0
2025-08-31T23:43:21.758111,90.0,84242.0,11107.0,57.0,369.072,532095456005.0
2025-08-31T23:43:21.858165,94.0,84242.0,11107.0,61.0,327.307,532095510754.0
2025-08-31T23:43:21.958186,94.0,84242.0,11107.0,65.0,354.888,532095575423.0
2025-08-31T23:43:22.058186,66.0,84242.0,11107.0,66.0,371.933,532095625656.0
2025-08-31T23:43:22.158219,66.0,84242.0,11107.0,67.0,411.44,532095691595.0
2025-08-31T23:43:22.258271,83.0,84242.0,11107.0,67.0,449.318,532095758447.0
2025-08-31T23:43:22.358205,83.0,84242.0,11107.0,68.0,487.809,532095822626.0
2025-08-31T23:43:22.458199,100.0,84242.0,11107.0,69.0,530.03,532095887777.0
2025-08-31T23:43:22.558395,100.0,84242.0,11107.0,69.0,564.987,532095954892.0
2025-08-31T23:43:22.658225,100.0,84242.0,11107.0,69.0,617.699,532096024551.0
2025-08-31T23:43:22.758300,100.0,84242.0,11107.0,69.0,636.415,532096095833.0
2025-08-31T23:43:22.858218,100.0,84242.0,11107.0,65.0,606.739,532096133358.0
2025-08-31T23:43:22.958241,100.0,84242.0,11107.0,63.0,579.582,532096166900.0
2025-08-31T23:43:23.058039,86.0,84242.0,11107.0,62.0,562.992,532096199198.0
2025-08-31T23:43:23.158241,86.0,84242.0,11107.0,62.0,535.502,532096236230.0
2025-08-31T23:43:23.258133,86.0,84242.0,11107.0,62.0,535.502,532096286163.0
2025-08-31T23:43:23.358170,76.0,84242.0,11107.0,67.0,522.08,532096338217.0
2025-08-31T23:43:23.458173,76.0,84242.0,11107.0,65.0,506.521,532096382902.0
2025-08-31T23:43:23.558032,82.0,84242.0,11107.0,66.0,489.884,532096382902.0
2025-08-31T23:43:23.658129,82.0,84242.0,11107.0,68.0,470.634,532096436779.0
2025-08-31T23:43:23.758029,84.0,84242.0,11107.0,62.0,424.511,532096481035.0
2025-08-31T23:43:23.858190,84.0,84242.0,11107.0,61.0,408.238,532096511876.0
2025-08-31T23:43:23.958223,84.0,84242.0,11107.0,60.0,404.208,532096570331.0
2025-08-31T23:43:24.057986,84.0,84242.0,11107.0,59.0,401.475,532096599681.0
2025-08-31T23:43:24.158015,90.0,84242.0,11107.0,58.0,391.721,532096626375.0
2025-08-31T23:43:24.258057,90.0,84242.0,11107.0,58.0,360.652,532096650687.0
2025-08-31T23:43:24.358143,74.0,84242.0,11107.0,63.0,373.986,532096707768.0
2025-08-31T23:43:24.458219,74.0,84242.0,11107.0,64.0,377.097,532096759420.0
2025-08-31T23:43:24.558172,90.0,84242.0,11107.0,66.0,372.022,532096814108.0
2025-08-31T23:43:24.658187,86.0,84242.0,11107.0,66.0,403.426,532096875722.0
2025-08-31T23:43:24.758227,86.0,84242.0,11107.0,69.0,439.592,532096942193.0
2025-08-31T23:43:24.858186,100.0,84242.0,11107.0,69.0,474.475,532097006033.0
2025-08-31T23:43:24.958215,100.0,84242.0,11107.0,69.0,520.293,532097074183.0
2025-08-31T23:43:25.058138,100.0,84242.0,11107.0,70.0,555.293,532097141781.0
2025-08-31T23:43:25.158175,100.0,84242.0,11107.0,70.0,555.293,532097207481.0
2025-08-31T23:43:25.258116,100.0,84242.0,11107.0,70.0,596.076,532097207481.0
2025-08-31T23:43:25.358151,100.0,84242.0,11107.0,66.0,631.997,532097276265.0
2025-08-31T23:43:25.458177,100.0,84242.0,11107.0,64.0,608.981,532097361699.0
2025-08-31T23:43:25.558101,79.0,84242.0,11107.0,62.0,586.598,532097395019.0
2025-08-31T23:43:25.658030,79.0,84242.0,11107.0,62.0,567.396,532097429170.0
2025-08-31T23:43:25.758125,75.0,84242.0,11107.0,64.0,541.916,532097471056.0
2025-08-31T23:43:25.857989,75.0,84242.0,11107.0,66.0,524.859,532097528117.0
2025-08-31T23:43:25.958133,80.0,84242.0,11107.0,65.0,512.696,532097580098.0
2025-08-31T23:43:26.058076,80.0,84242.0,11107.0,65.0,494.332,532097634427.0
2025-08-31T23:43:26.158016,83.0,84242.0,11107.0,66.0,477.994,532097676213.0
2025-08-31T23:43:26.258097,83.0,84242.0,11107.0,62.0,444.945,532097715472.0
2025-08-31T23:43:26.358014,79.0,84242.0,11107.0,60.0,417.593,532097744429.0
2025-08-31T23:43:26.458080,79.0,84242.0,11107.0,60.0,414.532,532097774578.0
2025-08-31T23:43:26.558193,88.0,84242.0,11107.0,59.0,409.428,532097802828.0
2025-08-31T23:43:26.658084,88.0,84242.0,11107.0,58.0,403.627,532097830457.0
2025-08-31T23:43:26.758065,93.0,84242.0,11107.0,58.0,389.677,532097857653.0
2025-08-31T23:43:26.858176,93.0,84242.0,11107.0,58.0,356.324,532097881900.0
2025-08-31T23:43:26.958195,93.0,84242.0,11107.0,61.0,359.048,532097881900.0
2025-08-31T23:43:27.058171,58.0,84242.0,11107.0,65.0,366.601,532097932813.0
2025-08-31T23:43:27.158222,58.0,84242.0,11107.0,62.0,376.086,532097994147.0
2025-08-31T23:43:27.258221,92.0,84242.0,11107.0,67.0,409.56,532098110686.0
2025-08-31T23:43:27.358177,92.0,84242.0,11107.0,68.0,409.56,532098178057.0
2025-08-31T23:43:27.458186,85.0,84242.0,11107.0,70.0,450.35,532098249508.0
2025-08-31T23:43:27.558275,85.0,84242.0,11107.0,70.0,486.54,532098315951.0
2025-08-31T23:43:27.658203,100.0,84242.0,11107.0,71.0,521.901,532098384087.0
2025-08-31T23:43:27.758269,100.0,84242.0,11107.0,69.0,563.367,532098455857.0
2025-08-31T23:43:27.858214,100.0,84242.0,11107.0,70.0,617.206,532098519800.0
2025-08-31T23:43:27.958211,100.0,84242.0,11107.0,64.0,602.9,532098553030.0
2025-08-31T23:43:28.058096,96.0,84242.0,11107.0,63.0,578.852,532098587036.0
2025-08-31T23:43:28.158020,76.0,84242.0,11107.0,62.0,559.661,532098619983.0
2025-08-31T23:43:28.258103,76.0,84242.0,11107.0,64.0,541.345,532098660754.0
2025-08-31T23:43:28.358010,75.0,84242.0,11107.0,66.0,522.341,532098712182.0
2025-08-31T23:43:28.458083,75.0,84242.0,11107.0,62.0,483.035,532098746972.0
2025-08-31T23:43:28.558080,73.0,84242.0,11107.0,63.0,451.414,532098780464.0
2025-08-31T23:43:28.657510,73.0,84242.0,11107.0,64.0,438.141,532098825352.0
2025-08-31T23:43:28.757965,76.0,84242.0,11107.0,68.0,415.177,532098888153.0
2025-08-31T23:43:28.858180,76.0,84242.0,11107.0,68.0,415.177,532098888153.0
2025-08-31T23:43:28.958171,76.0,84242.0,11107.0,62.0,403.928,532098924684.0
2025-08-31T23:43:29.058056,89.0,84242.0,11107.0,60.0,399.681,532098953818.0
2025-08-31T23:43:29.157992,89.0,84242.0,11107.0,60.0,395.261,532098983260.0
2025-08-31T23:43:29.258157,86.0,84242.0,11107.0,59.0,387.579,532099041338.0
2025-08-31T23:43:29.357664,86.0,84242.0,11107.0,58.0,369.812,532099069459.0
2025-08-31T23:43:29.457884,73.0,84242.0,11107.0,58.0,350.086,532099092299.0
2025-08-31T23:43:29.557979,73.0,84242.0,11107.0,60.0,361.804,532099139376.0
2025-08-31T23:43:29.658255,88.0,84242.0,11107.0,64.0,369.921,532099192844.0
2025-08-31T23:43:29.758220,88.0,84242.0,11107.0,63.0,371.607,532099256683.0
2025-08-31T23:43:29.858177,83.0,84242.0,11107.0,65.0,381.555,532099309799.0
2025-08-31T23:43:29.958213,83.0,84242.0,11107.0,68.0,420.502,532099378335.0
2025-08-31T23:43:30.058035,100.0,84242.0,11107.0,69.0,469.413,532099447981.0
2025-08-31T23:43:30.158307,100.0,84242.0,11107.0,68.0,505.361,532099517432.0
2025-08-31T23:43:30.257882,100.0,84242.0,11107.0,68.0,550.799,532099585172.0
2025-08-31T23:43:30.357681,100.0,84242.0,11107.0,70.0,592.843,532099653338.0
2025-08-31T23:43:30.458770,100.0,84242.0,11107.0,71.0,645.862,532099722160.0
2025-08-31T23:43:30.562297,100.0,84242.0,11107.0,64.0,643.192,532099781196.0
2025-08-31T23:43:30.658217,81.0,84242.0,11107.0,64.0,621.105,532099815611.0
2025-08-31T23:43:30.758195,81.0,84242.0,11107.0,63.0,582.782,532099847236.0
2025-08-31T23:43:30.858038,71.0,84242.0,11107.0,63.0,565.966,532099881999.0
2025-08-31T23:43:30.958182,71.0,84242.0,11107.0,62.0,536.954,532099921284.0
2025-08-31T23:43:31.058148,71.0,84242.0,11107.0,62.0,536.954,532099951795.0
2025-08-31T23:43:31.158220,72.0,84242.0,11107.0,65.0,500.175,532099951795.0
2025-08-31T23:43:31.258252,72.0,84242.0,11107.0,64.0,487.257,532099999082.0
2025-08-31T23:43:31.358241,86.0,84242.0,11107.0,66.0,458.614,532100049909.0
2025-08-31T23:43:31.458085,86.0,84242.0,11107.0,63.0,434.441,532100093285.0
2025-08-31T23:43:31.558282,83.0,84242.0,11107.0,61.0,396.644,532100172158.0
2025-08-31T23:43:31.658041,83.0,84242.0,11107.0,60.0,384.336,532100200886.0
2025-08-31T23:43:31.758173,86.0,84242.0,11107.0,59.0,378.499,532100229632.0
2025-08-31T23:43:31.858173,86.0,84242.0,11107.0,58.0,372.043,532100257238.0
2025-08-31T23:43:31.957998,92.0,84242.0,11107.0,58.0,364.903,532100283990.0
2025-08-31T23:43:32.058003,92.0,84242.0,11107.0,59.0,356.042,532100310679.0
2025-08-31T23:43:32.158181,78.0,84242.0,11107.0,62.0,349.422,532100346874.0
2025-08-31T23:43:32.258290,78.0,84242.0,11107.0,65.0,348.451,532100398394.0
2025-08-31T23:43:32.357735,88.0,84242.0,11107.0,66.0,361.732,532100455217.0
2025-08-31T23:43:32.458147,88.0,84242.0,11107.0,67.0,376.183,532100519110.0
2025-08-31T23:43:32.557966,93.0,84242.0,11107.0,67.0,409.502,532100584891.0
2025-08-31T23:43:32.658193,93.0,84242.0,11107.0,69.0,443.885,532100637343.0
2025-08-31T23:43:32.758266,88.0,84242.0,11107.0,69.0,482.705,532100704618.0
2025-08-31T23:43:32.858205,88.0,84242.0,11107.0,70.0,520.44,532100775015.0
2025-08-31T23:43:32.958218,100.0,84242.0,11107.0,70.0,571.821,532100841175.0
2025-08-31T23:43:33.058162,100.0,84242.0,11107.0,70.0,615.358,532100905341.0
2025-08-31T23:43:33.158184,100.0,84242.0,11107.0,70.0,615.358,532100965504.0
2025-08-31T23:43:33.258191,100.0,84242.0,11107.0,67.0,611.354,532100965504.0
2025-08-31T23:43:33.357999,100.0,84242.0,11107.0,64.0,586.424,532100996869.0
2025-08-31T23:43:33.457965,79.0,84242.0,11107.0,62.0,563.607,532101031402.0
2025-08-31T23:43:33.558061,79.0,84242.0,11107.0,63.0,529.693,532101098750.0
2025-08-31T23:43:33.658122,75.0,84242.0,11107.0,66.0,510.584,532101148004.0
2025-08-31T23:43:33.758140,75.0,84242.0,11107.0,65.0,508.599,532101201404.0
2025-08-31T23:43:33.858048,78.0,84242.0,11107.0,65.0,482.944,532101250994.0
2025-08-31T23:43:33.957982,78.0,84242.0,11107.0,64.0,461.924,532101291601.0
2025-08-31T23:43:34.058015,85.0,84242.0,11107.0,63.0,442.888,532101340021.0
2025-08-31T23:43:34.158130,85.0,84242.0,11107.0,61.0,409.08,532101371321.0
2025-08-31T23:43:34.258034,77.0,84242.0,11107.0,60.0,403.004,532101400645.0
2025-08-31T23:43:34.358061,77.0,84242.0,11107.0,59.0,400.152,532101429917.0
2025-08-31T23:43:34.458116,85.0,84242.0,11107.0,58.0,397.257,532101458222.0
2025-08-31T23:43:34.558124,85.0,84242.0,11107.0,58.0,390.43,532101486175.0
2025-08-31T23:43:34.657878,90.0,84242.0,11107.0,57.0,379.244,532101513871.0
2025-08-31T23:43:34.757947,90.0,84242.0,11107.0,56.0,345.719,532101539136.0
2025-08-31T23:43:34.858215,94.0,84242.0,11107.0,64.0,340.762,532101590623.0
2025-08-31T23:43:34.958110,94.0,84242.0,11107.0,65.0,350.14,532101647314.0
2025-08-31T23:43:35.058135,73.0,84242.0,11107.0,66.0,354.123,532101705291.0
2025-08-31T23:43:35.158177,73.0,84242.0,11107.0,67.0,374.138,532101705291.0
2025-08-31T23:43:35.257930,92.0,84242.0,11107.0,69.0,409.578,532101756440.0
2025-08-31T23:43:35.357996,92.0,84242.0,11107.0,69.0,447.872,532101823985.0
2025-08-31T23:43:35.458177,86.0,84242.0,11107.0,70.0,487.619,532101893496.0
2025-08-31T23:43:35.558214,86.0,84242.0,11107.0,70.0,544.323,532102036519.0
2025-08-31T23:43:35.658242,100.0,84242.0,11107.0,69.0,585.624,532102105151.0
2025-08-31T23:43:35.758293,100.0,84242.0,11107.0,70.0,631.684,532102167566.0
2025-08-31T23:43:35.858469,88.0,84242.0,11107.0,70.0,619.184,532102219973.0
2025-08-31T23:43:35.958205,88.0,84242.0,11107.0,64.0,596.196,532102250820.0
2025-08-31T23:43:36.058029,88.0,84242.0,11107.0,63.0,570.557,532102285776.0
2025-08-31T23:43:36.158121,77.0,84242.0,11107.0,62.0,555.484,532102318265.0
2025-08-31T23:43:36.258187,77.0,84242.0,11107.0,65.0,537.227,532102367808.0
2025-08-31T23:43:36.358202,80.0,84242.0,11107.0,62.0,518.044,532102409700.0
2025-08-31T23:43:36.458074,81.0,84242.0,11107.0,67.0,496.887,532102469401.0
2025-08-31T23:43:36.558080,81.0,84242.0,11107.0,66.0,468.179,532102517795.0
2025-08-31T23:43:36.658104,81.0,84242.0,11107.0,64.0,437.278,532102560809.0
2025-08-31T23:43:36.758070,81.0,84242.0,11107.0,61.0,409.473,532102592066.0
2025-08-31T23:43:36.858160,85.0,84242.0,11107.0,60.0,399.814,532102621438.0
2025-08-31T23:43:36.958007,85.0,84242.0,11107.0,60.0,399.814,532102621438.0
2025-08-31T23:43:37.057521,85.0,84242.0,11107.0,59.0,394.365,532102650653.0
2025-08-31T23:43:37.158029,89.0,84242.0,11107.0,59.0,388.05,532102678607.0
2025-08-31T23:43:37.258208,89.0,84242.0,11107.0,64.0,377.558,532102756970.0
2025-08-31T23:43:37.358170,73.0,84242.0,11107.0,66.0,400.449,532102815894.0
2025-08-31T23:43:37.458236,73.0,84242.0,11107.0,67.0,399.263,532102873757.0
2025-08-31T23:43:37.558303,92.0,84242.0,11107.0,68.0,415.935,532102939947.0
2025-08-31T23:43:37.658248,92.0,84242.0,11107.0,64.0,439.752,532103003660.0
2025-08-31T23:43:37.758253,89.0,84242.0,11107.0,68.0,462.149,532103061704.0
2025-08-31T23:43:37.858229,89.0,84242.0,11107.0,70.0,496.744,532103129048.0
2025-08-31T23:43:37.958204,100.0,84242.0,11107.0,69.0,538.694,532103198001.0
2025-08-31T23:43:38.058235,100.0,84242.0,11107.0,70.0,570.972,532103266096.0
2025-08-31T23:43:38.158257,100.0,84242.0,11107.0,70.0,611.058,532103333362.0
2025-08-31T23:43:38.258228,100.0,84242.0,11107.0,67.0,613.1,532103376257.0
2025-08-31T23:43:38.358163,87.0,84242.0,11107.0,64.0,584.731,532103409316.0
2025-08-31T23:43:38.458231,87.0,84242.0,11107.0,63.0,562.64,532103443274.0
2025-08-31T23:43:38.558113,78.0,84242.0,11107.0,63.0,532.776,532103479492.0
2025-08-31T23:43:38.657995,78.0,84242.0,11107.0,63.0,515.025,532103524386.0
2025-08-31T23:43:38.757999,79.0,84242.0,11107.0,67.0,509.858,532103579682.0
2025-08-31T23:43:38.858027,79.0,84242.0,11107.0,66.0,488.066,532103579682.0
2025-08-31T23:43:38.958094,80.0,84242.0,11107.0,64.0,461.567,532103621932.0
2025-08-31T23:43:39.058000,80.0,84242.0,11107.0,66.0,454.721,532103665003.0
2025-08-31T23:43:39.158153,82.0,84242.0,11107.0,62.0,420.65,532103721862.0
2025-08-31T23:43:39.258052,82.0,84242.0,11107.0,61.0,406.654,532103783512.0
2025-08-31T23:43:39.358140,82.0,84242.0,11107.0,60.0,403.614,532103812601.0
2025-08-31T23:43:39.458105,84.0,84242.0,11107.0,59.0,398.633,532103842171.0
2025-08-31T23:43:39.558201,90.0,84242.0,11107.0,58.0,385.096,532103868882.0
2025-08-31T23:43:39.658221,90.0,84242.0,11107.0,58.0,363.254,532103896087.0
2025-08-31T23:43:39.758283,90.0,84242.0,11107.0,57.0,342.248,532103923608.0
2025-08-31T23:43:39.858235,94.0,84242.0,11107.0,57.0,326.436,532103951223.0
2025-08-31T23:43:39.958006,94.0,84242.0,11107.0,57.0,304.239,532103979003.0
2025-08-31T23:43:40.058199,94.0,84242.0,11107.0,56.0,284.052,532104003725.0
2025-08-31T23:43:40.158227,94.0,84242.0,11107.0,62.0,302.806,532104052687.0
2025-08-31T23:43:40.258186,74.0,84242.0,11107.0,64.0,325.292,532104104974.0
2025-08-31T23:43:40.358158,74.0,84242.0,11107.0,61.0,344.839,532104145466.0
2025-08-31T23:43:40.458218,86.0,84242.0,11107.0,65.0,392.918,532104207297.0
2025-08-31T23:43:40.558195,86.0,84242.0,11107.0,67.0,428.168,532104276452.0
2025-08-31T23:43:40.658197,83.0,84242.0,11107.0,67.0,465.796,532104341487.0
2025-08-31T23:43:40.758206,83.0,84242.0,11107.0,68.0,513.139,532104406416.0
2025-08-31T23:43:40.858219,83.0,84242.0,11107.0,68.0,513.139,532104475955.0
2025-08-31T23:43:40.958125,100.0,84242.0,11107.0,69.0,557.08,532104543260.0
2025-08-31T23:43:41.058256,100.0,84242.0,11107.0,66.0,584.045,532104543260.0
2025-08-31T23:43:41.158234,94.0,84242.0,11107.0,69.0,612.592,532104603357.0
2025-08-31T23:43:41.258052,81.0,84242.0,11107.0,65.0,596.423,532104697707.0
2025-08-31T23:43:41.358190,81.0,84242.0,11107.0,63.0,578.807,532104731511.0
2025-08-31T23:43:41.458073,76.0,84242.0,11107.0,62.0,556.908,532104763699.0
2025-08-31T23:43:41.558178,76.0,84242.0,11107.0,63.0,523.102,532104799428.0
2025-08-31T23:43:41.658207,80.0,84242.0,11107.0,64.0,514.386,532104852472.0
2025-08-31T23:43:41.758160,80.0,84242.0,11107.0,63.0,488.582,532104895264.0
2025-08-31T23:43:41.858108,75.0,84242.0,11107.0,63.0,467.457,532104939971.0
2025-08-31T23:43:41.958132,75.0,84242.0,11107.0,64.0,455.131,532104997676.0
2025-08-31T23:43:42.058048,87.0,84242.0,11107.0,61.0,440.74,532105040557.0
2025-08-31T23:43:42.158074,87.0,84242.0,11107.0,60.0,406.476,532105069943.0
2025-08-31T23:43:42.258025,87.0,84242.0,11107.0,59.0,401.207,532105099486.0
2025-08-31T23:43:42.358035,87.0,84242.0,11107.0,59.0,397.481,532105129444.0
2025-08-31T23:43:42.458200,91.0,84242.0,11107.0,57.0,392.667,532105157407.0
2025-08-31T23:43:42.558175,91.0,84242.0,11107.0,63.0,382.719,532105182633.0
2025-08-31T23:43:42.658176,70.0,84242.0,11107.0,64.0,386.844,532105238603.0
2025-08-31T23:43:42.758183,70.0,84242.0,11107.0,64.0,386.844,532105288900.0
2025-08-31T23:43:42.858191,70.0,84242.0,11107.0,66.0,395.837,532105353750.0
2025-08-31T23:43:42.958175,93.0,84242.0,11107.0,65.0,416.108,532105353750.0
2025-08-31T23:43:43.058144,93.0,84242.0,11107.0,68.0,414.561,532105403175.0
2025-08-31T23:43:43.158198,86.0,84242.0,11107.0,69.0,449.512,532105475585.0
2025-08-31T23:43:43.257898,86.0,84242.0,11107.0,70.0,494.743,532105547498.0
2025-08-31T23:43:43.357934,100.0,84242.0,11107.0,70.0,541.405,532105685904.0
2025-08-31T23:43:43.458212,100.0,84242.0,11107.0,70.0,585.567,532105754757.0
2025-08-31T23:43:43.558173,100.0,84242.0,11107.0,70.0,631.892,532105823268.0
2025-08-31T23:43:43.657593,100.0,84242.0,11107.0,66.0,646.8,532105873992.0
2025-08-31T23:43:43.757545,89.0,84242.0,11107.0,64.0,624.962,532105908423.0
2025-08-31T23:43:43.858052,89.0,84242.0,11107.0,63.0,583.776,532105945370.0
2025-08-31T23:43:43.958111,75.0,84242.0,11107.0,64.0,560.685,532105978898.0
2025-08-31T23:43:44.058300,75.0,84242.0,11107.0,64.0,527.829,532106019657.0
2025-08-31T23:43:44.158307,74.0,84242.0,11107.0,64.0,508.182,532106060443.0
2025-08-31T23:43:44.258162,74.0,84242.0,11107.0,66.0,495.531,532106114233.0
2025-08-31T23:43:44.358052,74.0,84242.0,11107.0,66.0,495.531,532106114233.0
2025-08-31T23:43:44.458069,79.0,84242.0,11107.0,68.0,483.912,532106175242.0
2025-08-31T23:43:44.558040,82.0,84242.0,11107.0,63.0,445.544,532106218509.0
2025-08-31T23:43:44.658083,82.0,84242.0,11107.0,61.0,413.081,532106251563.0
2025-08-31T23:43:44.758134,84.0,84242.0,11107.0,60.0,406.654,532106309461.0
2025-08-31T23:43:44.858004,84.0,84242.0,11107.0,59.0,401.333,532106338737.0
2025-08-31T23:43:44.958067,91.0,84242.0,11107.0,59.0,391.88,532106364387.0
2025-08-31T23:43:45.058248,91.0,84242.0,11107.0,63.0,389.442,532106409155.0
2025-08-31T23:43:45.158166,71.0,84242.0,11107.0,65.0,402.63,532106460223.0
2025-08-31T23:43:45.258232,71.0,84242.0,11107.0,67.0,410.567,532106523435.0
2025-08-31T23:43:45.358223,93.0,84242.0,11107.0,67.0,417.006,532106583691.0
2025-08-31T23:43:45.458179,93.0,84242.0,11107.0,69.0,432.602,532106648436.0
2025-08-31T23:43:45.558231,87.0,84242.0,11107.0,69.0,470.25,532106720684.0
2025-08-31T23:43:45.658198,87.0,84242.0,11107.0,69.0,520.013,532106791509.0
2025-08-31T23:43:45.758280,100.0,84242.0,11107.0,68.0,551.12,532106854977.0
2025-08-31T23:43:45.857531,100.0,84242.0,11107.0,70.0,589.639,532106919983.0
2025-08-31T23:43:45.957520,100.0,84242.0,11107.0,70.0,626.429,532106985108.0
2025-08-31T23:43:46.058152,100.0,84242.0,11107.0,70.0,622.975,532107043667.0
2025-08-31T23:43:46.158253,92.0,84242.0,11107.0,64.0,602.288,532107077718.0
2025-08-31T23:43:46.258024,92.0,84242.0,11107.0,63.0,572.322,532107077718.0
2025-08-31T23:43:46.358167,92.0,84242.0,11107.0,62.0,572.322,532107112127.0
2025-08-31T23:43:46.458130,77.0,84242.0,11107.0,63.0,545.191,532107187112.0
2025-08-31T23:43:46.558284,77.0,84242.0,11107.0,67.0,519.686,532107243130.0
2025-08-31T23:43:46.657578,78.0,84242.0,11107.0,66.0,507.655,532107293324.0
2025-08-31T23:43:46.758176,78.0,84242.0,11107.0,66.0,492.925,532107345010.0
2025-08-31T23:43:46.858048,86.0,84242.0,11107.0,66.0,473.188,532107389351.0
2025-08-31T23:43:46.958148,86.0,84242.0,11107.0,62.0,448.932,532107426511.0
2025-08-31T23:43:47.058011,81.0,84242.0,11107.0,60.0,417.925,532107456087.0
2025-08-31T23:43:47.157870,81.0,84242.0,11107.0,59.0,404.483,532107485302.0
2025-08-31T23:43:47.257733,83.0,84242.0,11107.0,59.0,398.823,532107514918.0
2025-08-31T23:43:47.358019,83.0,84242.0,11107.0,57.0,394.425,532107543343.0
2025-08-31T23:43:47.458122,83.0,84242.0,11107.0,57.0,394.425,532107543343.0
2025-08-31T23:43:47.562972,74.0,84242.0,11107.0,62.0,389.625,532107630930.0
2025-08-31T23:43:47.658365,86.0,84242.0,11107.0,61.0,376.028,532107671352.0
2025-08-31T23:43:47.758240,86.0,84242.0,11107.0,65.0,371.949,532107720474.0
2025-08-31T23:43:47.858421,85.0,84242.0,11107.0,67.0,402.624,532107791326.0
2025-08-31T23:43:47.958226,85.0,84242.0,11107.0,68.0,427.326,532107855713.0
2025-08-31T23:43:48.058141,100.0,84242.0,11107.0,68.0,466.962,532107925456.0
2025-08-31T23:43:48.158054,100.0,84242.0,11107.0,70.0,508.035,532107992002.0
2025-08-31T23:43:48.257945,100.0,84242.0,11107.0,68.0,541.302,532108060688.0
2025-08-31T23:43:48.358215,100.0,84242.0,11107.0,69.0,587.779,532108128768.0
2025-08-31T23:43:48.458202,100.0,84242.0,11107.0,70.0,619.351,532108193756.0
2025-08-31T23:43:48.558383,100.0,84242.0,11107.0,64.0,606.698,532108240530.0
2025-08-31T23:43:48.658037,75.0,84242.0,11107.0,64.0,595.085,532108273637.0
2025-08-31T23:43:48.758264,75.0,84242.0,11107.0,64.0,583.055,532108309982.0
2025-08-31T23:43:48.858267,74.0,84242.0,11107.0,62.0,545.718,532108341310.0
2025-08-31T23:43:48.958217,74.0,84242.0,11107.0,67.0,522.636,532108380341.0
2025-08-31T23:43:49.058168,83.0,84242.0,11107.0,65.0,518.553,532108439727.0
2025-08-31T23:43:49.158201,83.0,84242.0,11107.0,63.0,486.418,532108489955.0
2025-08-31T23:43:49.258070,83.0,84242.0,11107.0,63.0,486.418,532108523102.0
2025-08-31T23:43:49.358079,76.0,84242.0,11107.0,63.0,452.389,532108523102.0
2025-08-31T23:43:49.458180,76.0,84242.0,11107.0,66.0,437.793,532108563996.0
2025-08-31T23:43:49.558159,83.0,84242.0,11107.0,60.0,403.448,532108608242.0
2025-08-31T23:43:49.658043,83.0,84242.0,11107.0,59.0,396.28,532108638255.0
2025-08-31T23:43:49.758266,87.0,84242.0,11107.0,59.0,389.484,532108696912.0
2025-08-31T23:43:49.858264,87.0,84242.0,11107.0,58.0,382.939,532108725868.0
2025-08-31T23:43:49.958163,91.0,84242.0,11107.0,57.0,377.393,532108752293.0
2025-08-31T23:43:50.058144,91.0,84242.0,11107.0,57.0,344.231,532108779439.0
2025-08-31T23:43:50.157463,94.0,84242.0,11107.0,56.0,317.26,532108806483.0
2025-08-31T23:43:50.257512,94.0,84242.0,11107.0,63.0,306.773,532108832333.0
2025-08-31T23:43:50.357532,73.0,84242.0,11107.0,64.0,330.712,532108895674.0
2025-08-31T23:43:50.458252,73.0,84242.0,11107.0,65.0,332.409,532108947000.0
2025-08-31T23:43:50.558245,89.0,84242.0,11107.0,65.0,381.899,532109014704.0
2025-08-31T23:43:50.658179,89.0,84242.0,11107.0,67.0,415.893,532109079246.0
2025-08-31T23:43:50.758223,100.0,84242.0,11107.0,68.0,446.329,532109136363.0
2025-08-31T23:43:50.858146,100.0,84242.0,11107.0,69.0,482.726,532109202722.0
2025-08-31T23:43:50.958200,89.0,84242.0,11107.0,69.0,526.723,532109269609.0
2025-08-31T23:43:51.058150,89.0,84242.0,11107.0,69.0,560.701,532109337032.0
2025-08-31T23:43:51.158184,100.0,84242.0,11107.0,70.0,607.383,532109406387.0
2025-08-31T23:43:51.258049,100.0,84242.0,11107.0,70.0,607.383,532109471862.0
2025-08-31T23:43:51.358128,100.0,84242.0,11107.0,65.0,631.548,532109471862.0
2025-08-31T23:43:51.458144,97.0,84242.0,11107.0,63.0,604.61,532109510137.0
2025-08-31T23:43:51.557960,97.0,84242.0,11107.0,62.0,583.939,532109543951.0
2025-08-31T23:43:51.658031,77.0,84242.0,11107.0,62.0,553.395,532109576776.0
2025-08-31T23:43:51.758087,77.0,84242.0,11107.0,65.0,514.257,532109656293.0
2025-08-31T23:43:51.857986,75.0,84242.0,11107.0,65.0,513.858,532109704496.0
2025-08-31T23:43:51.958049,75.0,84242.0,11107.0,63.0,495.938,532109755607.0
2025-08-31T23:43:52.058030,82.0,84242.0,11107.0,67.0,473.239,532109805239.0
2025-08-31T23:43:52.158047,82.0,84242.0,11107.0,62.0,466.028,532109856008.0
2025-08-31T23:43:52.258079,84.0,84242.0,11107.0,62.0,418.607,532109886619.0
2025-08-31T23:43:52.358047,84.0,84242.0,11107.0,59.0,405.102,532109917422.0
2025-08-31T23:43:52.458027,87.0,84242.0,11107.0,59.0,400.648,532109946464.0
2025-08-31T23:43:52.558186,87.0,84242.0,11107.0,58.0,395.437,532109975405.0
2025-08-31T23:43:52.657981,93.0,84242.0,11107.0,57.0,387.411,532110002341.0
2025-08-31T23:43:52.758237,93.0,84242.0,11107.0,57.0,374.697,532110029530.0
2025-08-31T23:43:52.857955,94.0,84242.0,11107.0,56.0,350.922,532110056963.0
2025-08-31T23:43:52.958105,94.0,84242.0,11107.0,59.0,328.071,532110083729.0
2025-08-31T23:43:53.058215,68.0,84242.0,11107.0,64.0,322.825,532110131221.0
2025-08-31T23:43:53.158198,68.0,84242.0,11107.0,65.0,331.018,532110189872.0
2025-08-31T23:43:53.258211,84.0,84242.0,11107.0,64.0,358.644,532110249551.0
2025-08-31T23:43:53.358187,84.0,84242.0,11107.0,67.0,392.359,532110305977.0
2025-08-31T23:43:53.458213,96.0,84242.0,11107.0,68.0,432.876,532110375322.0
2025-08-31T23:43:53.558232,96.0,84242.0,11107.0,70.0,462.389,532110375322.0
2025-08-31T23:43:53.658244,100.0,84242.0,11107.0,70.0,502.243,532110439364.0
2025-08-31T23:43:53.758279,100.0,84242.0,11107.0,70.0,551.762,532110503548.0
2025-08-31T23:43:53.858163,100.0,84242.0,11107.0,70.0,586.894,532110637603.0
2025-08-31T23:43:53.958502,100.0,84242.0,11107.0,71.0,628.238,532110708196.0
2025-08-31T23:43:54.057839,100.0,84242.0,11107.0,65.0,601.481,532110755474.0
2025-08-31T23:43:54.158137,88.0,84242.0,11107.0,63.0,576.134,532110785643.0
2025-08-31T23:43:54.258116,88.0,84242.0,11107.0,63.0,557.785,532110819797.0
2025-08-31T23:43:54.358191,75.0,84242.0,11107.0,62.0,524.931,532110852219.0
2025-08-31T23:43:54.458202,75.0,84242.0,11107.0,64.0,517.76,532110895577.0
2025-08-31T23:43:54.558238,76.0,84242.0,11107.0,65.0,502.777,532110954855.0
2025-08-31T23:43:54.658044,76.0,84242.0,11107.0,63.0,477.705,532110995149.0
2025-08-31T23:43:54.758160,81.0,84242.0,11107.0,64.0,461.625,532111033541.0
2025-08-31T23:43:54.858078,81.0,84242.0,11107.0,67.0,440.708,532111093282.0
2025-08-31T23:43:54.958165,83.0,84242.0,11107.0,61.0,405.708,532111129121.0
2025-08-31T23:43:55.058125,83.0,84242.0,11107.0,60.0,400.537,532111158626.0
2025-08-31T23:43:55.158058,86.0,84242.0,11107.0,59.0,398.484,532111187932.0
2025-08-31T23:43:55.258101,86.0,84242.0,11107.0,58.0,398.484,532111216136.0
2025-08-31T23:43:55.357929,89.0,84242.0,11107.0,58.0,391.871,532111244362.0
2025-08-31T23:43:55.457986,89.0,84242.0,11107.0,56.0,381.725,532111272492.0
2025-08-31T23:43:55.558123,89.0,84242.0,11107.0,56.0,381.725,532111306229.0
2025-08-31T23:43:55.658213,93.0,84242.0,11107.0,62.0,358.982,532111306229.0
2025-08-31T23:43:55.758218,93.0,84242.0,11107.0,64.0,379.546,532111351766.0
2025-08-31T23:43:55.858189,64.0,84242.0,11107.0,66.0,370.842,532111463903.0
2025-08-31T23:43:55.958161,83.0,84242.0,11107.0,65.0,398.819,532111533863.0
2025-08-31T23:43:56.058204,83.0,84242.0,11107.0,66.0,434.516,532111599940.0
2025-08-31T23:43:56.158191,100.0,84242.0,11107.0,68.0,477.181,532111663584.0
2025-08-31T23:43:56.258257,100.0,84242.0,11107.0,69.0,518.827,532111732316.0
2025-08-31T23:43:56.358194,100.0,84242.0,11107.0,68.0,561.75,532111800766.0
2025-08-31T23:43:56.458240,100.0,84242.0,11107.0,69.0,597.665,532111864496.0
2025-08-31T23:43:56.558168,100.0,84242.0,11107.0,69.0,630.479,532111932008.0
2025-08-31T23:43:56.658276,100.0,84242.0,11107.0,65.0,616.42,532111967417.0
2025-08-31T23:43:56.758185,72.0,84242.0,11107.0,60.0,570.12,532111982281.0
2025-08-31T23:43:56.858146,72.0,84242.0,11107.0,59.0,534.151,532111996590.0
2025-08-31T23:43:56.958238,0.0,84242.0,11107.0,60.0,486.657,532112019726.0
2025-08-31T23:43:57.058193,0.0,84242.0,11107.0,60.0,456.849,532112052802.0
2025-08-31T23:43:57.158169,66.0,84242.0,11107.0,59.0,419.231,532112088630.0
2025-08-31T23:43:57.258224,66.0,84242.0,11107.0,59.0,392.85,532112124948.0
2025-08-31T23:43:57.357996,76.0,84242.0,11107.0,62.0,369.166,532112181488.0
2025-08-31T23:43:57.458047,76.0,84242.0,11107.0,61.0,338.313,532112210561.0
2025-08-31T23:43:57.558297,78.0,84242.0,11107.0,65.0,316.758,532112241825.0
2025-08-31T23:43:57.657453,78.0,84242.0,11107.0,64.0,352.954,532112241825.0
2025-08-31T23:43:57.758125,79.0,84242.0,11107.0,60.0,375.438,532112297822.0
2025-08-31T23:43:57.858052,79.0,84242.0,11107.0,60.0,375.438,532112352354.0
2025-08-31T23:43:57.958021,79.0,84242.0,11107.0,59.0,395.889,532112412542.0
2025-08-31T23:43:58.058112,87.0,84242.0,11107.0,59.0,395.249,532112442158.0
2025-08-31T23:43:58.157940,87.0,84242.0,11107.0,59.0,389.846,532112470441.0
2025-08-31T23:43:58.257494,88.0,84242.0,11107.0,58.0,382.056,532112497614.0
2025-08-31T23:43:58.357952,88.0,84242.0,11107.0,57.0,350.598,532112522680.0
2025-08-31T23:43:58.457930,81.0,84242.0,11107.0,61.0,362.535,532112583849.0
2025-08-31T23:43:58.558228,81.0,84242.0,11107.0,64.0,396.216,532112644290.0
2025-08-31T23:43:58.658262,80.0,84242.0,11107.0,62.0,407.67,532112701672.0
2025-08-31T23:43:58.758186,80.0,84242.0,11107.0,67.0,409.158,532112769812.0
2025-08-31T23:43:58.858264,88.0,84242.0,11107.0,68.0,443.4,532112835990.0
2025-08-31T23:43:58.958239,88.0,84242.0,11107.0,68.0,480.082,532112835990.0
2025-08-31T23:43:59.058220,100.0,84242.0,11107.0,69.0,516.933,532112902171.0
2025-08-31T23:43:59.158228,100.0,84242.0,11107.0,70.0,535.955,532112969692.0
2025-08-31T23:43:59.258243,100.0,84242.0,11107.0,68.0,576.628,532113085118.0
2025-08-31T23:43:59.358226,100.0,84242.0,11107.0,67.0,613.776,532113152001.0
2025-08-31T23:43:59.458161,86.0,84242.0,11107.0,64.0,618.851,532113189622.0
2025-08-31T23:43:59.557948,86.0,84242.0,11107.0,62.0,586.926,532113221933.0
2025-08-31T23:43:59.658039,86.0,84242.0,11107.0,62.0,571.692,532113256779.0
2025-08-31T23:43:59.758035,86.0,84242.0,11107.0,63.0,532.455,532113292519.0
2025-08-31T23:43:59.857993,76.0,84242.0,11107.0,66.0,511.254,532113343169.0
2025-08-31T23:43:59.958079,76.0,84242.0,11107.0,65.0,506.495,532113404409.0
2025-08-31T23:44:00.057967,83.0,84242.0,11107.0,67.0,496.803,532113456347.0
2025-08-31T23:44:00.157885,83.0,84242.0,11107.0,63.0,488.787,532113502235.0
2025-08-31T23:44:00.257863,88.0,84242.0,11107.0,61.0,466.288,532113534097.0
2025-08-31T23:44:00.358016,88.0,84242.0,11107.0,60.0,416.864,532113564247.0
2025-08-31T23:44:00.458798,87.0,84242.0,11107.0,59.0,401.905,532113591869.0
2025-08-31T23:44:00.557875,87.0,84242.0,11107.0,58.0,399.826,532113619771.0
2025-08-31T23:44:00.658237,92.0,84242.0,11107.0,57.0,392.626,532113647702.0
2025-08-31T23:44:00.758279,92.0,84242.0,11107.0,57.0,386.777,532113675773.0
2025-08-31T23:44:00.858192,95.0,84242.0,11107.0,57.0,368.344,532113703767.0
2025-08-31T23:44:00.958126,95.0,84242.0,11107.0,56.0,333.844,532113731814.0
2025-08-31T23:44:01.058067,94.0,84242.0,11107.0,56.0,311.016,532113759975.0
2025-08-31T23:44:01.157824,94.0,84242.0,11107.0,56.0,291.438,532113759975.0
2025-08-31T23:44:01.258032,75.0,84242.0,11107.0,62.0,280.529,532113788231.0
2025-08-31T23:44:01.358035,75.0,84242.0,11107.0,64.0,309.067,532113816506.0
2025-08-31T23:44:01.458163,88.0,84242.0,11107.0,66.0,345.34,532113933916.0
2025-08-31T23:44:01.558348,88.0,84242.0,11107.0,67.0,390.317,532114001851.0
2025-08-31T23:44:01.658250,100.0,84242.0,11107.0,68.0,429.876,532114066557.0
2025-08-31T23:44:01.758230,100.0,84242.0,11107.0,68.0,463.152,532114132205.0
2025-08-31T23:44:01.858117,90.0,84242.0,11107.0,68.0,498.041,532114196582.0
2025-08-31T23:44:01.958226,90.0,84242.0,11107.0,68.0,529.062,532114256039.0
2025-08-31T23:44:02.058195,90.0,84242.0,11107.0,68.0,579.848,532114323063.0
2025-08-31T23:44:02.158222,100.0,84242.0,11107.0,69.0,621.334,532114389694.0
2025-08-31T23:44:02.258211,100.0,84242.0,11107.0,67.0,618.918,532114451731.0
2025-08-31T23:44:02.358211,94.0,84242.0,11107.0,63.0,596.349,532114485886.0
2025-08-31T23:44:02.458132,77.0,84242.0,11107.0,62.0,565.228,532114519939.0
2025-08-31T23:44:02.558148,77.0,84242.0,11107.0,62.0,565.228,532114519939.0
2025-08-31T23:44:02.658274,77.0,84242.0,11107.0,62.0,535.922,532114552534.0
2025-08-31T23:44:02.757991,76.0,84242.0,11107.0,63.0,525.108,532114598969.0
2025-08-31T23:44:02.857965,76.0,84242.0,11107.0,65.0,513.734,532114709157.0
2025-08-31T23:44:02.958043,85.0,84242.0,11107.0,65.0,502.752,532114748094.0
2025-08-31T23:44:03.057999,85.0,84242.0,11107.0,62.0,478.399,532114799785.0
2025-08-31T23:44:03.158024,81.0,84242.0,11107.0,65.0,462.755,532114839527.0
2025-08-31T23:44:03.258053,81.0,84242.0,11107.0,61.0,422.719,532114869408.0
2025-08-31T23:44:03.358019,81.0,84242.0,11107.0,60.0,409.207,532114898679.0
2025-08-31T23:44:03.457963,79.0,84242.0,11107.0,59.0,404.207,532114927048.0
2025-08-31T23:44:03.558052,79.0,84242.0,11107.0,58.0,398.336,532114954336.0
2025-08-31T23:44:03.658132,90.0,84242.0,11107.0,57.0,385.7,532114988332.0
2025-08-31T23:44:03.758199,90.0,84242.0,11107.0,63.0,387.817,532115040934.0
2025-08-31T23:44:03.858206,76.0,84242.0,11107.0,64.0,385.347,532115092660.0
2025-08-31T23:44:03.958209,76.0,84242.0,11107.0,66.0,410.026,532115092660.0
2025-08-31T23:44:04.058194,89.0,84242.0,11107.0,62.0,414.311,532115160562.0
2025-08-31T23:44:04.158170,89.0,84242.0,11107.0,68.0,436.471,532115211406.0
2025-08-31T23:44:04.258212,86.0,84242.0,11107.0,68.0,478.698,532115277358.0
2025-08-31T23:44:04.358130,86.0,84242.0,11107.0,69.0,516.165,532115412050.0
2025-08-31T23:44:04.458263,100.0,84242.0,11107.0,69.0,559.373,532115479910.0
2025-08-31T23:44:04.558244,100.0,84242.0,11107.0,69.0,605.704,532115543941.0
2025-08-31T23:44:04.658226,100.0,84242.0,11107.0,71.0,617.255,532115609022.0
2025-08-31T23:44:04.758224,100.0,84242.0,11107.0,64.0,617.255,532115644369.0
2025-08-31T23:44:04.858040,95.0,84242.0,11107.0,63.0,595.49,532115676623.0
2025-08-31T23:44:04.958211,95.0,84242.0,11107.0,63.0,540.778,532115708380.0
2025-08-31T23:44:05.058205,76.0,84242.0,11107.0,62.0,521.496,532115743413.0
2025-08-31T23:44:05.158207,76.0,84242.0,11107.0,64.0,511.725,532115788612.0
2025-08-31T23:44:05.258047,73.0,84242.0,11107.0,63.0,485.126,532115839365.0
2025-08-31T23:44:05.358312,73.0,84242.0,11107.0,64.0,464.958,532115879433.0
2025-08-31T23:44:05.458100,79.0,84242.0,11107.0,64.0,448.462,532115933442.0
2025-08-31T23:44:05.558096,79.0,84242.0,11107.0,64.0,448.462,532115986238.0
2025-08-31T23:44:05.658096,76.0,84242.0,11107.0,63.0,421.895,532115986238.0
2025-08-31T23:44:05.758039,76.0,84242.0,11107.0,61.0,403.56,532116018507.0
2025-08-31T23:44:05.858028,82.0,84242.0,11107.0,60.0,398.951,532116047681.0
2025-08-31T23:44:05.957974,82.0,84242.0,11107.0,58.0,396.25,532116076908.0
2025-08-31T23:44:06.058019,87.0,84242.0,11107.0,56.0,387.355,532116127414.0
2025-08-31T23:44:06.158225,87.0,84242.0,11107.0,63.0,368.794,532116156496.0
2025-08-31T23:44:06.258245,67.0,84242.0,11107.0,65.0,370.644,532116216993.0
2025-08-31T23:44:06.358324,67.0,84242.0,11107.0,66.0,397.78,532116279752.0
2025-08-31T23:44:06.457611,87.0,84242.0,11107.0,65.0,388.352,532116327666.0
2025-08-31T23:44:06.557646,87.0,84242.0,11107.0,69.0,404.689,532116392782.0
2025-08-31T23:44:06.658232,100.0,84242.0,11107.0,69.0,433.692,532116456690.0
2025-08-31T23:44:06.758250,100.0,84242.0,11107.0,69.0,433.692,532116456690.0
2025-08-31T23:44:06.858212,100.0,84242.0,11107.0,69.0,508.965,532116522901.0
2025-08-31T23:44:06.958173,100.0,84242.0,11107.0,68.0,547.986,532116590915.0
2025-08-31T23:44:07.058181,100.0,84242.0,11107.0,69.0,599.775,532116730436.0
2025-08-31T23:44:07.158001,100.0,84242.0,11107.0,70.0,630.987,532116779833.0
2025-08-31T23:44:07.258064,80.0,84242.0,11107.0,64.0,603.731,532116814534.0
2025-08-31T23:44:07.358021,80.0,84242.0,11107.0,63.0,573.786,532116847078.0
2025-08-31T23:44:07.458126,78.0,84242.0,11107.0,62.0,559.672,532116882422.0
2025-08-31T23:44:07.558067,78.0,84242.0,11107.0,63.0,545.647,532116933168.0
2025-08-31T23:44:07.658117,86.0,84242.0,11107.0,64.0,536.917,532116988840.0
2025-08-31T23:44:07.758003,86.0,84242.0,11107.0,63.0,511.162,532117029666.0
2025-08-31T23:44:07.858094,79.0,84242.0,11107.0,67.0,484.528,532117072467.0
2025-08-31T23:44:07.958025,79.0,84242.0,11107.0,63.0,471.876,532117128839.0
2025-08-31T23:44:08.058131,86.0,84242.0,11107.0,61.0,423.145,532117163513.0
2025-08-31T23:44:08.158022,86.0,84242.0,11107.0,60.0,411.048,532117191497.0
2025-08-31T23:44:08.258007,88.0,84242.0,11107.0,59.0,404.927,532117221532.0
2025-08-31T23:44:08.358108,88.0,84242.0,11107.0,58.0,402.364,532117250548.0
2025-08-31T23:44:08.457929,92.0,84242.0,11107.0,57.0,391.485,532117279361.0
2025-08-31T23:44:08.558042,92.0,84242.0,11107.0,61.0,371.123,532117304786.0
2025-08-31T23:44:08.658208,72.0,84242.0,11107.0,61.0,372.531,532117353419.0
2025-08-31T23:44:08.758155,72.0,84242.0,11107.0,61.0,372.531,532117413522.0
2025-08-31T23:44:08.858215,72.0,84242.0,11107.0,66.0,391.992,532117413522.0
2025-08-31T23:44:08.958185,95.0,84242.0,11107.0,65.0,402.625,532117476282.0
2025-08-31T23:44:09.058163,95.0,84242.0,11107.0,67.0,405.393,532117525940.0
2025-08-31T23:44:09.158205,84.0,84242.0,11107.0,68.0,438.336,532117652204.0
2025-08-31T23:44:09.258186,84.0,84242.0,11107.0,68.0,471.647,532117715922.0
2025-08-31T23:44:09.358150,100.0,84242.0,11107.0,70.0,514.873,532117782820.0
2025-08-31T23:44:09.458205,100.0,84242.0,11107.0,70.0,549.134,532117850596.0
2025-08-31T23:44:09.558213,100.0,84242.0,11107.0,70.0,588.913,532117918886.0
2025-08-31T23:44:09.658141,100.0,84242.0,11107.0,64.0,623.173,532117969409.0
2025-08-31T23:44:09.758000,90.0,84242.0,11107.0,63.0,594.064,532118003050.0
2025-08-31T23:44:09.858070,90.0,84242.0,11107.0,63.0,565.265,532118036270.0
2025-08-31T23:44:09.958145,76.0,84242.0,11107.0,62.0,547.784,532118071992.0
2025-08-31T23:44:10.058201,76.0,84242.0,11107.0,63.0,533.577,532118116162.0
2025-08-31T23:44:10.157564,70.0,84242.0,11107.0,64.0,515.266,532118157822.0
2025-08-31T23:44:10.257436,70.0,84242.0,11107.0,64.0,497.883,532118200830.0
2025-08-31T23:44:10.358121,77.0,84242.0,11107.0,61.0,461.813,532118239507.0
2025-08-31T23:44:10.458080,77.0,84242.0,11107.0,66.0,449.491,532118290039.0
2025-08-31T23:44:10.558141,76.0,84242.0,11107.0,62.0,430.985,532118341798.0
2025-08-31T23:44:10.658123,76.0,84242.0,11107.0,60.0,405.771,532118372233.0
2025-08-31T23:44:10.758225,84.0,84242.0,11107.0,59.0,399.429,532118400813.0
2025-08-31T23:44:10.858120,84.0,84242.0,11107.0,59.0,399.429,532118428207.0
2025-08-31T23:44:10.958191,84.0,84242.0,11107.0,58.0,393.46,532118428207.0
2025-08-31T23:44:11.058079,87.0,84242.0,11107.0,57.0,385.601,532118456181.0
2025-08-31T23:44:11.158184,87.0,84242.0,11107.0,62.0,366.985,532118479070.0
2025-08-31T23:44:11.258265,71.0,84242.0,11107.0,63.0,366.424,532118571099.0
2025-08-31T23:44:11.358218,71.0,84242.0,11107.0,64.0,374.379,532118628761.0
2025-08-31T23:44:11.458167,84.0,84242.0,11107.0,66.0,389.938,532118694968.0
2025-08-31T23:44:11.558219,84.0,84242.0,11107.0,67.0,411.531,532118749378.0
2025-08-31T23:44:11.658372,95.0,84242.0,11107.0,67.0,416.501,532118814372.0
2025-08-31T23:44:11.758248,95.0,84242.0,11107.0,69.0,457.119,532118882181.0
2025-08-31T23:44:11.858218,87.0,84242.0,11107.0,69.0,493.306,532118950918.0
2025-08-31T23:44:11.958177,87.0,84242.0,11107.0,69.0,537.248,532119019491.0
2025-08-31T23:44:12.058222,100.0,84242.0,11107.0,69.0,578.789,532119088452.0
2025-08-31T23:44:12.158269,100.0,84242.0,11107.0,66.0,615.636,532119138341.0
2025-08-31T23:44:12.258217,100.0,84242.0,11107.0,63.0,607.267,532119171371.0
2025-08-31T23:44:12.358142,100.0,84242.0,11107.0,62.0,590.797,532119205228.0
2025-08-31T23:44:12.458015,77.0,84242.0,11107.0,62.0,568.664,532119243220.0
2025-08-31T23:44:12.558065,77.0,84242.0,11107.0,62.0,536.509,532119277334.0
2025-08-31T23:44:12.658163,73.0,84242.0,11107.0,61.0,525.086,532119277334.0
2025-08-31T23:44:12.758030,73.0,84242.0,11107.0,66.0,509.248,532119334362.0
2025-08-31T23:44:12.858232,83.0,84242.0,11107.0,63.0,478.941,532119377337.0
2025-08-31T23:44:12.958112,83.0,84242.0,11107.0,65.0,469.448,532119419592.0
2025-08-31T23:44:13.058077,77.0,84242.0,11107.0,62.0,448.732,532119517369.0
2025-08-31T23:44:13.158130,77.0,84242.0,11107.0,60.0,413.081,532119547437.0
2025-08-31T23:44:13.258024,84.0,84242.0,11107.0,59.0,407.285,532119576155.0
2025-08-31T23:44:13.358027,84.0,84242.0,11107.0,58.0,401.967,532119605355.0
2025-08-31T23:44:13.458195,90.0,84242.0,11107.0,57.0,392.176,532119633162.0
2025-08-31T23:44:13.558171,90.0,84242.0,11107.0,57.0,383.947,532119660524.0
2025-08-31T23:44:13.658258,93.0,84242.0,11107.0,57.0,351.577,532119687569.0
2025-08-31T23:44:13.758233,93.0,84242.0,11107.0,56.0,336.094,532119714154.0
2025-08-31T23:44:13.858172,93.0,84242.0,11107.0,56.0,324.225,532119741643.0
2025-08-31T23:44:13.958190,93.0,84242.0,11107.0,56.0,290.03,532119769315.0
2025-08-31T23:44:14.058013,86.0,84242.0,11107.0,56.0,276.998,532119795355.0
2025-08-31T23:44:14.158126,86.0,84242.0,11107.0,55.0,281.567,532119818077.0
2025-08-31T23:44:14.258187,72.0,84242.0,11107.0,62.0,311.629,532119873490.0
2025-08-31T23:44:14.358217,72.0,84242.0,11107.0,64.0,344.133,532119930645.0
2025-08-31T23:44:14.458193,83.0,84242.0,11107.0,67.0,364.069,532119981294.0
2025-08-31T23:44:14.558238,83.0,84242.0,11107.0,67.0,364.069,532120047474.0
2025-08-31T23:44:14.658225,83.0,84242.0,11107.0,68.0,402.998,532120047474.0
2025-08-31T23:44:14.758179,100.0,84242.0,11107.0,68.0,441.761,532120114634.0
2025-08-31T23:44:14.858186,100.0,84242.0,11107.0,69.0,481.09,532120182177.0
2025-08-31T23:44:14.965208,100.0,84242.0,11107.0,70.0,533.657,532120314055.0
2025-08-31T23:44:15.058209,100.0,84242.0,11107.0,67.0,574.739,532120378757.0
2025-08-31T23:44:15.158202,93.0,84242.0,11107.0,69.0,602.87,532120442650.0
2025-08-31T23:44:15.258222,93.0,84242.0,11107.0,65.0,630.322,532120493252.0
2025-08-31T23:44:15.358144,90.0,84242.0,11107.0,63.0,608.668,532120527367.0
2025-08-31T23:44:15.458131,90.0,84242.0,11107.0,62.0,577.778,532120559706.0
2025-08-31T23:44:15.557883,76.0,84242.0,11107.0,62.0,567.303,532120605822.0
2025-08-31T23:44:15.658203,76.0,84242.0,11107.0,63.0,539.562,532120644676.0
2025-08-31T23:44:15.758234,75.0,84242.0,11107.0,64.0,520.887,532120698865.0
2025-08-31T23:44:15.858233,75.0,84242.0,11107.0,63.0,499.602,532120736197.0
2025-08-31T23:44:15.958210,81.0,84242.0,11107.0,63.0,483.423,532120790362.0
2025-08-31T23:44:16.058154,81.0,84242.0,11107.0,64.0,459.048,532120836413.0
2025-08-31T23:44:16.158107,86.0,84242.0,11107.0,61.0,439.574,532120871001.0
2025-08-31T23:44:16.258106,86.0,84242.0,11107.0,59.0,408.142,532120900303.0
2025-08-31T23:44:16.358089,86.0,84242.0,11107.0,59.0,403.341,532120929481.0
2025-08-31T23:44:16.458134,86.0,84242.0,11107.0,58.0,400.348,532120958540.0
2025-08-31T23:44:16.557929,89.0,84242.0,11107.0,57.0,386.667,532120958540.0
2025-08-31T23:44:16.658018,89.0,84242.0,11107.0,56.0,371.833,532120986545.0
2025-08-31T23:44:16.757449,88.0,84242.0,11107.0,62.0,354.015,532121013795.0
2025-08-31T23:44:16.857708,88.0,84242.0,11107.0,65.0,368.981,532121109078.0
2025-08-31T23:44:16.958184,80.0,84242.0,11107.0,66.0,378.014,532121167449.0
2025-08-31T23:44:17.058168,80.0,84242.0,11107.0,65.0,393.465,532121230366.0
2025-08-31T23:44:17.158171,94.0,84242.0,11107.0,66.0,404.506,532121282608.0
2025-08-31T23:44:17.258221,94.0,84242.0,11107.0,68.0,443.414,532121353061.0
2025-08-31T23:44:17.358204,87.0,84242.0,11107.0,68.0,480.455,532121419267.0
2025-08-31T23:44:17.458186,87.0,84242.0,11107.0,69.0,524.082,532121488847.0
2025-08-31T23:44:17.558172,100.0,84242.0,11107.0,69.0,565.469,532121554990.0
2025-08-31T23:44:17.658214,100.0,84242.0,11107.0,71.0,608.135,532121625879.0
2025-08-31T23:44:17.758213,100.0,84242.0,11107.0,64.0,629.34,532121685955.0
2025-08-31T23:44:17.858167,100.0,84242.0,11107.0,63.0,603.697,532121720646.0
2025-08-31T23:44:17.957995,80.0,84242.0,11107.0,62.0,576.927,532121755123.0
2025-08-31T23:44:18.057468,80.0,84242.0,11107.0,63.0,545.844,532121787420.0
2025-08-31T23:44:18.157930,77.0,84242.0,11107.0,65.0,534.33,532121826464.0
2025-08-31T23:44:18.258012,77.0,84242.0,11107.0,65.0,522.599,532121881295.0
2025-08-31T23:44:18.358192,87.0,84242.0,11107.0,66.0,507.591,532121936442.0
2025-08-31T23:44:18.458072,87.0,84242.0,11107.0,66.0,487.793,532121983281.0
2025-08-31T23:44:18.558096,87.0,84242.0,11107.0,66.0,487.793,532121983281.0
2025-08-31T23:44:18.658031,80.0,84242.0,11107.0,62.0,474.054,532122040591.0
2025-08-31T23:44:18.758028,80.0,84242.0,11107.0,60.0,434.831,532122075010.0
2025-08-31T23:44:18.858105,85.0,84242.0,11107.0,59.0,410.589,532122105426.0
2025-08-31T23:44:18.958250,85.0,84242.0,11107.0,58.0,406.568,532122162895.0
2025-08-31T23:44:19.058222,88.0,84242.0,11107.0,58.0,401.617,532122190326.0
2025-08-31T23:44:19.158187,88.0,84242.0,11107.0,57.0,390.14,532122218477.0
2025-08-31T23:44:19.258076,92.0,84242.0,11107.0,57.0,373.459,532122245693.0
2025-08-31T23:44:19.358253,92.0,84242.0,11107.0,59.0,337.183,532122270970.0
2025-08-31T23:44:19.458141,95.0,84242.0,11107.0,63.0,347.127,532122333195.0
2025-08-31T23:44:19.558198,95.0,84242.0,11107.0,65.0,348.336,532122395177.0
2025-08-31T23:44:19.658219,70.0,84242.0,11107.0,66.0,367.744,532122457761.0
2025-08-31T23:44:19.758204,70.0,84242.0,11107.0,66.0,435.571,532122511770.0
2025-08-31T23:44:19.858161,70.0,84242.0,11107.0,66.0,435.571,532122581826.0
2025-08-31T23:44:19.958178,94.0,84242.0,11107.0,68.0,473.375,532122581826.0
2025-08-31T23:44:20.058167,87.0,84242.0,11107.0,68.0,512.777,532122647659.0
2025-08-31T23:44:20.158144,87.0,84242.0,11107.0,68.0,551.152,532122716538.0
2025-08-31T23:44:20.258223,100.0,84242.0,11107.0,70.0,593.691,532122849862.0
2025-08-31T23:44:20.358148,100.0,84242.0,11107.0,67.0,630.348,532122920622.0
2025-08-31T23:44:20.458230,100.0,84242.0,11107.0,64.0,640.145,532122960119.0
2025-08-31T23:44:20.558454,100.0,84242.0,11107.0,63.0,612.943,532122992324.0
2025-08-31T23:44:20.657439,86.0,84242.0,11107.0,64.0,579.335,532123027652.0
2025-08-31T23:44:20.757797,86.0,84242.0,11107.0,62.0,566.591,532123071798.0
2025-08-31T23:44:20.858215,76.0,84242.0,11107.0,66.0,539.392,532123117989.0
2025-08-31T23:44:20.958096,76.0,84242.0,11107.0,65.0,529.522,532123171313.0
2025-08-31T23:44:21.058158,81.0,84242.0,11107.0,65.0,509.469,532123220627.0
2025-08-31T23:44:21.158213,81.0,84242.0,11107.0,66.0,489.795,532123273334.0
2025-08-31T23:44:21.258186,81.0,84242.0,11107.0,66.0,489.795,532123321340.0
2025-08-31T23:44:21.358155,85.0,84242.0,11107.0,62.0,426.332,532123353785.0
2025-08-31T23:44:21.458125,85.0,84242.0,11107.0,60.0,418.777,532123353785.0
2025-08-31T23:44:21.558065,86.0,84242.0,11107.0,59.0,418.777,532123381933.0
2025-08-31T23:44:21.658226,86.0,84242.0,11107.0,58.0,415.569,532123410666.0
2025-08-31T23:44:21.757991,91.0,84242.0,11107.0,57.0,404.822,532123438998.0
2025-08-31T23:44:21.864468,91.0,84242.0,11107.0,56.0,390.81,532123490461.0
2025-08-31T23:44:21.958198,72.0,84242.0,11107.0,60.0,373.255,532123541582.0
2025-08-31T23:44:22.058159,72.0,84242.0,11107.0,65.0,388.435,532123604659.0
2025-08-31T23:44:22.158245,89.0,84242.0,11107.0,64.0,389.113,532123660281.0
2025-08-31T23:44:22.258235,89.0,84242.0,11107.0,67.0,389.113,532123728163.0
2025-08-31T23:44:22.358176,91.0,84242.0,11107.0,68.0,423.225,532123794194.0
2025-08-31T23:44:22.458158,91.0,84242.0,11107.0,69.0,459.835,532123862347.0
2025-08-31T23:44:22.558228,100.0,84242.0,11107.0,65.0,501.46,532123927297.0
2025-08-31T23:44:22.658245,100.0,84242.0,11107.0,69.0,527.896,532123990740.0
2025-08-31T23:44:22.758258,94.0,84242.0,11107.0,69.0,566.219,532124057461.0
2025-08-31T23:44:22.858206,94.0,84242.0,11107.0,70.0,611.758,532124123914.0
2025-08-31T23:44:22.958209,100.0,84242.0,11107.0,65.0,635.03,532124123914.0
2025-08-31T23:44:23.058289,100.0,84242.0,11107.0,63.0,614.251,532124175432.0
2025-08-31T23:44:23.157605,80.0,84242.0,11107.0,62.0,581.851,532124210669.0
2025-08-31T23:44:23.263527,80.0,84242.0,11107.0,62.0,554.831,532124279901.0
2025-08-31T23:44:23.358046,74.0,84242.0,11107.0,65.0,524.868,532124315418.0
2025-08-31T23:44:23.458097,74.0,84242.0,11107.0,66.0,511.077,532124370497.0
2025-08-31T23:44:23.558109,82.0,84242.0,11107.0,63.0,489.812,532124419927.0
2025-08-31T23:44:23.658073,82.0,84242.0,11107.0,63.0,489.812,532124459624.0
2025-08-31T23:44:23.758110,82.0,84242.0,11107.0,66.0,458.727,532124515774.0
2025-08-31T23:44:23.858205,79.0,84242.0,11107.0,62.0,426.586,532124547511.0
2025-08-31T23:44:23.958212,79.0,84242.0,11107.0,60.0,426.586,532124576791.0
2025-08-31T23:44:24.058181,87.0,84242.0,11107.0,59.0,399.479,532124606368.0
2025-08-31T23:44:24.157550,87.0,84242.0,11107.0,59.0,392.671,532124635324.0
2025-08-31T23:44:24.257698,88.0,84242.0,11107.0,58.0,391.102,532124659405.0
2025-08-31T23:44:24.358219,88.0,84242.0,11107.0,58.0,380.441,532124659405.0
2025-08-31T23:44:24.458222,73.0,84242.0,11107.0,64.0,371.637,532124694220.0
2025-08-31T23:44:24.558175,73.0,84242.0,11107.0,66.0,377.14,532124751566.0
2025-08-31T23:44:24.658199,88.0,84242.0,11107.0,64.0,386.835,532124867197.0
2025-08-31T23:44:24.758178,88.0,84242.0,11107.0,68.0,419.829,532124931570.0
2025-08-31T23:44:24.858163,83.0,84242.0,11107.0,68.0,454.584,532125000170.0
2025-08-31T23:44:24.958138,83.0,84242.0,11107.0,69.0,495.411,532125070961.0
2025-08-31T23:44:25.058124,100.0,84242.0,11107.0,70.0,527.177,532125135213.0
2025-08-31T23:44:25.158180,100.0,84242.0,11107.0,70.0,573.021,532125201616.0
2025-08-31T23:44:25.258268,100.0,84242.0,11107.0,71.0,622.026,532125273191.0
2025-08-31T23:44:25.358179,100.0,84242.0,11107.0,66.0,611.262,532125326057.0
2025-08-31T23:44:25.458088,100.0,84242.0,11107.0,63.0,583.785,532125360755.0
2025-08-31T23:44:25.557962,100.0,84242.0,11107.0,62.0,568.034,532125393487.0
2025-08-31T23:44:25.658094,79.0,84242.0,11107.0,61.0,549.791,532125428016.0
2025-08-31T23:44:25.758177,79.0,84242.0,11107.0,64.0,541.103,532125480126.0
2025-08-31T23:44:25.857998,77.0,84242.0,11107.0,65.0,514.477,532125538868.0
2025-08-31T23:44:25.957983,77.0,84242.0,11107.0,65.0,514.477,532125538868.0
2025-08-31T23:44:26.058090,88.0,84242.0,11107.0,63.0,485.943,532125574708.0
2025-08-31T23:44:26.158031,88.0,84242.0,11107.0,62.0,467.917,532125613806.0
2025-08-31T23:44:26.258057,72.0,84242.0,11107.0,66.0,454.389,532125669929.0
2025-08-31T23:44:26.358072,72.0,84242.0,11107.0,60.0,412.274,532125737231.0
2025-08-31T23:44:26.458026,86.0,84242.0,11107.0,59.0,407.027,532125767056.0
2025-08-31T23:44:26.558051,86.0,84242.0,11107.0,59.0,403.755,532125796324.0
2025-08-31T23:44:26.658366,92.0,84242.0,11107.0,58.0,397.257,532125823853.0
2025-08-31T23:44:26.758410,92.0,84242.0,11107.0,58.0,373.847,532125851391.0
2025-08-31T23:44:26.857541,94.0,84242.0,11107.0,57.0,346.093,532125878981.0
2025-08-31T23:44:26.957543,94.0,84242.0,11107.0,56.0,331.632,532125906268.0
2025-08-31T23:44:27.058153,94.0,84242.0,11107.0,56.0,319.79,532125933666.0
2025-08-31T23:44:27.157971,94.0,84242.0,11107.0,55.0,297.399,532125961694.0
2025-08-31T23:44:27.258183,75.0,84242.0,11107.0,62.0,287.818,532125994835.0
2025-08-31T23:44:27.358190,75.0,84242.0,11107.0,64.0,323.224,532126057297.0
2025-08-31T23:44:27.458189,89.0,84242.0,11107.0,65.0,344.782,532126109071.0
2025-08-31T23:44:27.558188,89.0,84242.0,11107.0,66.0,383.261,532126174288.0
2025-08-31T23:44:27.658257,94.0,84242.0,11107.0,64.0,420.881,532126239442.0
2025-08-31T23:44:27.758224,94.0,84242.0,11107.0,67.0,445.306,532126295435.0
2025-08-31T23:44:27.858210,94.0,84242.0,11107.0,68.0,497.147,532126364388.0
2025-08-31T23:44:27.958241,94.0,84242.0,11107.0,69.0,532.376,532126430166.0
2025-08-31T23:44:28.058164,94.0,84242.0,11107.0,69.0,532.376,532126498006.0
2025-08-31T23:44:28.158251,100.0,84242.0,11107.0,70.0,571.851,532126498006.0
2025-08-31T23:44:28.258170,100.0,84242.0,11107.0,70.0,616.411,532126566139.0
2025-08-31T23:44:28.358235,100.0,84242.0,11107.0,65.0,639.379,532126634915.0
2025-08-31T23:44:28.458034,100.0,84242.0,11107.0,63.0,604.328,532126706829.0
2025-08-31T23:44:28.557925,75.0,84242.0,11107.0,63.0,581.282,532126739984.0
2025-08-31T23:44:28.658146,75.0,84242.0,11107.0,62.0,551.635,532126783203.0
2025-08-31T23:44:28.758184,71.0,84242.0,11107.0,61.0,537.147,532126818038.0
2025-08-31T23:44:28.858156,71.0,84242.0,11107.0,64.0,507.568,532126864153.0
2025-08-31T23:44:28.958225,77.0,84242.0,11107.0,62.0,488.313,532126907340.0
2025-08-31T23:44:29.057982,77.0,84242.0,11107.0,65.0,465.933,532126966621.0
2025-08-31T23:44:29.157921,85.0,84242.0,11107.0,65.0,457.21,532127024033.0
2025-08-31T23:44:29.257868,85.0,84242.0,11107.0,61.0,435.821,532127055685.0
2025-08-31T23:44:29.358087,86.0,84242.0,11107.0,60.0,409.023,532127084386.0
2025-08-31T23:44:29.458061,86.0,84242.0,11107.0,59.0,403.698,532127113358.0
2025-08-31T23:44:29.558210,88.0,84242.0,11107.0,58.0,390.117,532127142236.0
2025-08-31T23:44:29.658026,88.0,84242.0,11107.0,57.0,390.117,532127169807.0
2025-08-31T23:44:29.758127,91.0,84242.0,11107.0,57.0,378.265,532127193534.0
2025-08-31T23:44:29.858140,91.0,84242.0,11107.0,60.0,382.528,532127242385.0
2025-08-31T23:44:29.958181,91.0,84242.0,11107.0,60.0,382.528,532127296729.0
2025-08-31T23:44:30.058135,67.0,84242.0,11107.0,64.0,390.656,532127360857.0
2025-08-31T23:44:30.158008,67.0,84242.0,11107.0,62.0,376.932,532127360857.0
2025-08-31T23:44:30.269040,94.0,84242.0,11107.0,66.0,401.314,532127403105.0
2025-08-31T23:44:30.358176,94.0,84242.0,11107.0,68.0,444.975,532127467528.0
2025-08-31T23:44:30.458856,82.0,84242.0,11107.0,69.0,488.065,532127606078.0
2025-08-31T23:44:30.558847,82.0,84242.0,11107.0,69.0,527.267,532127678201.0
2025-08-31T23:44:30.658003,100.0,84242.0,11107.0,68.0,582.415,532127746143.0
2025-08-31T23:44:30.758058,100.0,84242.0,11107.0,70.0,617.499,532127810602.0
2025-08-31T23:44:30.858241,100.0,84242.0,11107.0,67.0,609.88,532127862274.0
2025-08-31T23:44:30.958206,100.0,84242.0,11107.0,63.0,586.481,532127896596.0
2025-08-31T23:44:31.058122,92.0,84242.0,11107.0,63.0,561.39,532127930437.0
2025-08-31T23:44:31.158197,78.0,84242.0,11107.0,62.0,545.417,532127961737.0
2025-08-31T23:44:31.258003,78.0,84242.0,11107.0,62.0,526.027,532127996951.0
2025-08-31T23:44:31.357574,72.0,84242.0,11107.0,65.0,514.89,532128051507.0
2025-08-31T23:44:31.457781,72.0,84242.0,11107.0,65.0,484.268,532128108772.0
2025-08-31T23:44:31.558172,87.0,84242.0,11107.0,63.0,459.042,532128145480.0
2025-08-31T23:44:31.658101,87.0,84242.0,11107.0,66.0,443.945,532128202096.0
2025-08-31T23:44:31.758093,87.0,84242.0,11107.0,62.0,412.063,532128239898.0
2025-08-31T23:44:31.858069,77.0,84242.0,11107.0,60.0,404.103,532128270194.0
2025-08-31T23:44:31.958083,77.0,84242.0,11107.0,60.0,404.103,532128270194.0
2025-08-31T23:44:32.058163,77.0,84242.0,11107.0,59.0,396.365,532128299107.0
2025-08-31T23:44:32.158102,84.0,84242.0,11107.0,58.0,388.237,532128325877.0
2025-08-31T23:44:32.258029,84.0,84242.0,11107.0,57.0,384.834,532128382571.0
2025-08-31T23:44:32.358233,90.0,84242.0,11107.0,62.0,388.151,532128438517.0
2025-08-31T23:44:32.458205,90.0,84242.0,11107.0,65.0,387.579,532128496768.0
2025-08-31T23:44:32.558218,91.0,84242.0,11107.0,66.0,413.929,532128557871.0
2025-08-31T23:44:32.658234,91.0,84242.0,11107.0,62.0,413.149,532128615033.0
2025-08-31T23:44:32.758238,87.0,84242.0,11107.0,67.0,442.24,532128685356.0
2025-08-31T23:44:32.858169,87.0,84242.0,11107.0,67.0,476.34,532128754225.0
2025-08-31T23:44:32.958248,100.0,84242.0,11107.0,69.0,517.094,532128820472.0
2025-08-31T23:44:33.058090,100.0,84242.0,11107.0,70.0,547.457,532128885195.0
2025-08-31T23:44:33.158025,100.0,84242.0,11107.0,70.0,585.359,532128950696.0
2025-08-31T23:44:33.258170,100.0,84242.0,11107.0,69.0,634.376,532129016194.0
2025-08-31T23:44:33.358157,95.0,84242.0,11107.0,65.0,634.376,532129016194.0
2025-08-31T23:44:33.458053,95.0,84242.0,11107.0,63.0,612.437,532129049976.0
2025-08-31T23:44:33.558043,77.0,84242.0,11107.0,62.0,561.116,532129083286.0
2025-08-31T23:44:33.658034,77.0,84242.0,11107.0,63.0,528.401,532129116431.0
2025-08-31T23:44:33.757978,76.0,84242.0,11107.0,65.0,521.298,532129205774.0
2025-08-31T23:44:33.858025,76.0,84242.0,11107.0,67.0,506.564,532129263764.0
2025-08-31T23:44:33.958058,91.0,84242.0,11107.0,65.0,483.86,532129304693.0
2025-08-31T23:44:34.057938,91.0,84242.0,11107.0,66.0,468.193,532129354430.0
2025-08-31T23:44:34.158048,84.0,84242.0,11107.0,62.0,435.457,532129390725.0
2025-08-31T23:44:34.258020,84.0,84242.0,11107.0,61.0,401.971,532129420724.0
2025-08-31T23:44:34.358007,83.0,84242.0,11107.0,60.0,397.1,532129450139.0
2025-08-31T23:44:34.458176,83.0,84242.0,11107.0,59.0,392.298,532129479566.0
2025-08-31T23:44:34.558255,88.0,84242.0,11107.0,58.0,387.121,532129507214.0
2025-08-31T23:44:34.658226,88.0,84242.0,11107.0,57.0,378.591,532129534920.0
2025-08-31T23:44:34.758135,94.0,84242.0,11107.0,57.0,344.83,532129562824.0
2025-08-31T23:44:34.857896,94.0,84242.0,11107.0,57.0,323.122,532129589722.0
2025-08-31T23:44:34.958003,95.0,84242.0,11107.0,58.0,314.327,532129613210.0
2025-08-31T23:44:35.058207,95.0,84242.0,11107.0,62.0,320.473,532129663448.0
2025-08-31T23:44:35.158169,73.0,84242.0,11107.0,62.0,343.753,532129717207.0
2025-08-31T23:44:35.258451,73.0,84242.0,11107.0,66.0,365.567,532129778369.0
2025-08-31T23:44:35.358197,95.0,84242.0,11107.0,67.0,399.531,532129828992.0
2025-08-31T23:44:35.458242,95.0,84242.0,11107.0,67.0,399.531,532129893373.0
2025-08-31T23:44:35.558261,95.0,84242.0,11107.0,67.0,443.964,532129958383.0
2025-08-31T23:44:35.658190,86.0,84242.0,11107.0,68.0,483.527,532130025679.0
2025-08-31T23:44:35.758248,86.0,84242.0,11107.0,69.0,520.914,532130025679.0
2025-08-31T23:44:35.858127,100.0,84242.0,11107.0,68.0,571.848,532130094922.0
2025-08-31T23:44:35.958222,100.0,84242.0,11107.0,70.0,625.407,532130166198.0
2025-08-31T23:44:36.058299,100.0,84242.0,11107.0,67.0,609.731,532130279112.0
2025-08-31T23:44:36.157756,100.0,84242.0,11107.0,63.0,591.403,532130311549.0
2025-08-31T23:44:36.258155,86.0,84242.0,11107.0,62.0,564.649,532130346864.0
2025-08-31T23:44:36.358100,76.0,84242.0,11107.0,62.0,559.274,532130388105.0
2025-08-31T23:44:36.458015,76.0,84242.0,11107.0,62.0,540.752,532130438901.0
2025-08-31T23:44:36.558210,77.0,84242.0,11107.0,65.0,526.161,532130484051.0
2025-08-31T23:44:36.658050,77.0,84242.0,11107.0,67.0,504.719,532130539816.0
2025-08-31T23:44:36.758097,87.0,84242.0,11107.0,65.0,480.551,532130585620.0
2025-08-31T23:44:36.858137,87.0,84242.0,11107.0,63.0,454.204,532130625992.0
2025-08-31T23:44:36.958156,87.0,84242.0,11107.0,61.0,408.572,532130655858.0
2025-08-31T23:44:37.058146,79.0,84242.0,11107.0,59.0,404.798,532130685067.0
2025-08-31T23:44:37.157937,79.0,84242.0,11107.0,59.0,400.416,532130713992.0
2025-08-31T23:44:37.257812,86.0,84242.0,11107.0,58.0,391.488,532130742748.0
2025-08-31T23:44:37.357966,86.0,84242.0,11107.0,60.0,371.528,532130769165.0
2025-08-31T23:44:37.458218,92.0,84242.0,11107.0,62.0,394.717,532130769165.0
2025-08-31T23:44:37.558180,92.0,84242.0,11107.0,63.0,394.339,532130819296.0
2025-08-31T23:44:37.658246,65.0,84242.0,11107.0,65.0,398.846,532130877752.0
2025-08-31T23:44:37.758240,65.0,84242.0,11107.0,66.0,419.833,532130995883.0
2025-08-31T23:44:37.858202,82.0,84242.0,11107.0,67.0,457.95,532131066055.0
2025-08-31T23:44:37.958197,82.0,84242.0,11107.0,68.0,492.471,532131130127.0
2025-08-31T23:44:38.058155,100.0,84242.0,11107.0,70.0,538.166,532131201126.0
2025-08-31T23:44:38.158220,100.0,84242.0,11107.0,69.0,574.428,532131268678.0
2025-08-31T23:44:38.258262,100.0,84242.0,11107.0,70.0,623.919,532131337745.0
2025-08-31T23:44:38.358207,100.0,84242.0,11107.0,71.0,632.641,532131406606.0
2025-08-31T23:44:38.458166,100.0,84242.0,11107.0,64.0,603.17,532131442352.0
2025-08-31T23:44:38.558102,100.0,84242.0,11107.0,63.0,579.766,532131477129.0
2025-08-31T23:44:38.658172,85.0,84242.0,11107.0,63.0,564.921,532131509386.0
2025-08-31T23:44:38.758019,85.0,84242.0,11107.0,65.0,530.958,532131546464.0
2025-08-31T23:44:38.858165,77.0,84242.0,11107.0,62.0,530.958,532131588000.0
2025-08-31T23:44:38.958155,77.0,84242.0,11107.0,67.0,513.537,532131642104.0
2025-08-31T23:44:39.057984,84.0,84242.0,11107.0,63.0,504.484,532131692853.0
2025-08-31T23:44:39.158043,84.0,84242.0,11107.0,65.0,472.477,532131732168.0
2025-08-31T23:44:39.258063,84.0,84242.0,11107.0,63.0,458.668,532131790294.0
2025-08-31T23:44:39.358005,84.0,84242.0,11107.0,61.0,420.048,532131823634.0
2025-08-31T23:44:39.458037,84.0,84242.0,11107.0,61.0,420.048,532131853142.0
2025-08-31T23:44:39.558100,85.0,84242.0,11107.0,59.0,408.555,532131853142.0
2025-08-31T23:44:39.658035,85.0,84242.0,11107.0,59.0,402.873,532131882267.0
2025-08-31T23:44:39.758286,90.0,84242.0,11107.0,58.0,399.004,532131910709.0
2025-08-31T23:44:39.857582,90.0,84242.0,11107.0,57.0,389.462,532131936764.0
2025-08-31T23:44:39.957526,94.0,84242.0,11107.0,57.0,371.346,532131990982.0
2025-08-31T23:44:40.057931,94.0,84242.0,11107.0,56.0,344.295,532132017292.0
2025-08-31T23:44:40.158171,78.0,84242.0,11107.0,61.0,318.933,532132056830.0
2025-08-31T23:44:40.258192,78.0,84242.0,11107.0,63.0,326.654,532132118301.0
2025-08-31T23:44:40.358222,88.0,84242.0,11107.0,65.0,330.984,532132171985.0
2025-08-31T23:44:40.458237,88.0,84242.0,11107.0,59.0,360.634,532132214693.0
2025-08-31T23:44:40.558242,63.0,84242.0,11107.0,56.0,351.968,532132228849.0
2025-08-31T23:44:40.658114,63.0,84242.0,11107.0,55.0,335.05,532132242703.0
2025-08-31T23:44:40.758272,0.0,84242.0,11107.0,62.0,331.608,532132286108.0
2025-08-31T23:44:40.858214,0.0,84242.0,11107.0,65.0,379.096,532132354019.0
2025-08-31T23:44:40.958229,89.0,84242.0,11107.0,67.0,418.626,532132421200.0
2025-08-31T23:44:41.058189,89.0,84242.0,11107.0,68.0,457.282,532132489023.0
2025-08-31T23:44:41.158209,89.0,84242.0,11107.0,68.0,457.282,532132489023.0
2025-08-31T23:44:41.258123,100.0,84242.0,11107.0,68.0,496.941,532132556615.0
2025-08-31T23:44:41.358153,100.0,84242.0,11107.0,68.0,505.494,532132692202.0
2025-08-31T23:44:41.458197,100.0,84242.0,11107.0,65.0,502.972,532132729473.0
2025-08-31T23:44:41.558068,100.0,84242.0,11107.0,62.0,532.808,532132762530.0
2025-08-31T23:44:41.658000,87.0,84242.0,11107.0,62.0,544.668,532132795988.0
2025-08-31T23:44:41.758022,87.0,84242.0,11107.0,61.0,533.175,532132833111.0
2025-08-31T23:44:41.858116,77.0,84242.0,11107.0,61.0,517.151,532132874876.0
2025-08-31T23:44:41.958043,77.0,84242.0,11107.0,66.0,509.81,532132937416.0
2025-08-31T23:44:42.058013,73.0,84242.0,11107.0,64.0,487.771,532132982104.0
2025-08-31T23:44:42.158099,87.0,84242.0,11107.0,65.0,466.627,532133027111.0
2025-08-31T23:44:42.258031,87.0,84242.0,11107.0,66.0,447.871,532133076254.0
2025-08-31T23:44:42.358091,83.0,84242.0,11107.0,61.0,413.306,532133107247.0
2025-08-31T23:44:42.458034,83.0,84242.0,11107.0,59.0,408.969,532133136754.0
2025-08-31T23:44:42.558119,85.0,84242.0,11107.0,59.0,403.851,532133165698.0
2025-08-31T23:44:42.658064,85.0,84242.0,11107.0,57.0,399.349,532133194379.0
2025-08-31T23:44:42.758020,91.0,84242.0,11107.0,58.0,391.683,532133222788.0
2025-08-31T23:44:42.858098,91.0,84242.0,11107.0,62.0,382.471,532133250036.0
2025-08-31T23:44:42.958093,74.0,84242.0,11107.0,62.0,376.641,532133306914.0
2025-08-31T23:44:43.058120,74.0,84242.0,11107.0,61.0,391.974,532133362567.0
2025-08-31T23:44:43.158178,74.0,84242.0,11107.0,61.0,391.974,532133427088.0
2025-08-31T23:44:43.258173,87.0,84242.0,11107.0,66.0,402.367,532133427088.0
2025-08-31T23:44:43.358204,87.0,84242.0,11107.0,68.0,417.827,532133476162.0
2025-08-31T23:44:43.458353,85.0,84242.0,11107.0,68.0,454.234,532133544589.0
2025-08-31T23:44:43.558186,85.0,84242.0,11107.0,68.0,487.775,532133678563.0
2025-08-31T23:44:43.658168,100.0,84242.0,11107.0,68.0,529.242,532133744770.0
2025-08-31T23:44:43.758236,100.0,84242.0,11107.0,70.0,568.954,532133815573.0
2025-08-31T23:44:43.858167,100.0,84242.0,11107.0,69.0,627.482,532133887908.0
2025-08-31T23:44:43.958203,100.0,84242.0,11107.0,64.0,628.378,532133932326.0
2025-08-31T23:44:44.058150,76.0,84242.0,11107.0,62.0,603.722,532133965228.0
2025-08-31T23:44:44.158032,76.0,84242.0,11107.0,62.0,577.839,532134001359.0
2025-08-31T23:44:44.257955,75.0,84242.0,11107.0,63.0,563.526,532134037099.0
2025-08-31T23:44:44.358191,75.0,84242.0,11107.0,64.0,527.03,532134073953.0
2025-08-31T23:44:44.457993,80.0,84242.0,11107.0,65.0,518.625,532134131336.0
2025-08-31T23:44:44.557857,80.0,84242.0,11107.0,65.0,501.866,532134177974.0
2025-08-31T23:44:44.657990,77.0,84242.0,11107.0,64.0,476.787,532134223935.0
2025-08-31T23:44:44.758095,77.0,84242.0,11107.0,62.0,456.297,532134273381.0
2025-08-31T23:44:44.858403,77.0,84242.0,11107.0,62.0,456.297,532134273381.0
2025-08-31T23:44:44.958051,85.0,84242.0,11107.0,60.0,418.028,532134311357.0
2025-08-31T23:44:45.058176,85.0,84242.0,11107.0,59.0,406.034,532134341093.0
2025-08-31T23:44:45.157945,88.0,84242.0,11107.0,58.0,402.28,532134399439.0
2025-08-31T23:44:45.257961,88.0,84242.0,11107.0,58.0,397.698,532134427888.0
2025-08-31T23:44:45.358143,91.0,84242.0,11107.0,58.0,388.133,532134455997.0
2025-08-31T23:44:45.458206,91.0,84242.0,11107.0,62.0,387.103,532134509807.0
2025-08-31T23:44:45.558206,70.0,84242.0,11107.0,63.0,387.759,532134571922.0
2025-08-31T23:44:45.658262,70.0,84242.0,11107.0,61.0,404.654,532134633198.0
2025-08-31T23:44:45.758245,87.0,84242.0,11107.0,68.0,418.296,532134690612.0
2025-08-31T23:44:45.858395,87.0,84242.0,11107.0,69.0,441.265,532134764942.0
2025-08-31T23:44:45.958162,96.0,84242.0,11107.0,69.0,480.923,532134831475.0
2025-08-31T23:44:46.058193,96.0,84242.0,11107.0,69.0,529.547,532134903823.0
2025-08-31T23:44:46.158198,100.0,84242.0,11107.0,69.0,568.839,532134976693.0
2025-08-31T23:44:46.258210,100.0,84242.0,11107.0,70.0,613.998,532135049415.0
2025-08-31T23:44:46.358175,100.0,84242.0,11107.0,66.0,662.439,532135121730.0
2025-08-31T23:44:46.458172,100.0,84242.0,11107.0,64.0,660.019,532135159788.0
2025-08-31T23:44:46.558080,85.0,84242.0,11107.0,62.0,634.899,532135193056.0
2025-08-31T23:44:46.658085,85.0,84242.0,11107.0,62.0,634.899,532135193056.0
2025-08-31T23:44:46.758128,85.0,84242.0,11107.0,62.0,587.571,532135227009.0
2025-08-31T23:44:46.858044,77.0,84242.0,11107.0,64.0,567.428,532135262219.0
2025-08-31T23:44:46.958274,77.0,84242.0,11107.0,66.0,555.359,532135313329.0
2025-08-31T23:44:47.057975,78.0,84242.0,11107.0,64.0,532.509,532135424251.0
2025-08-31T23:44:47.158143,83.0,84242.0,11107.0,64.0,501.887,532135468838.0
2025-08-31T23:44:47.258121,83.0,84242.0,11107.0,66.0,471.306,532135513410.0
2025-08-31T23:44:47.358445,81.0,84242.0,11107.0,60.0,427.206,532135543569.0
2025-08-31T23:44:47.458121,81.0,84242.0,11107.0,59.0,410.538,532135572788.0
2025-08-31T23:44:47.558142,85.0,84242.0,11107.0,58.0,405.65,532135602026.0
2025-08-31T23:44:47.658250,85.0,84242.0,11107.0,57.0,400.532,532135630724.0
2025-08-31T23:44:47.758249,91.0,84242.0,11107.0,57.0,394.162,532135658326.0
2025-08-31T23:44:47.857947,91.0,84242.0,11107.0,57.0,367.373,532135685177.0
2025-08-31T23:44:47.958040,94.0,84242.0,11107.0,57.0,337.873,532135712173.0
2025-08-31T23:44:48.058256,94.0,84242.0,11107.0,62.0,328.21,532135749332.0
2025-08-31T23:44:48.158362,74.0,84242.0,11107.0,65.0,343.935,532135807221.0
2025-08-31T23:44:48.258227,74.0,84242.0,11107.0,65.0,343.935,532135872616.0
2025-08-31T23:44:48.358202,74.0,84242.0,11107.0,62.0,364.15,532135872616.0
2025-08-31T23:44:48.458205,93.0,84242.0,11107.0,66.0,383.654,532135986988.0
2025-08-31T23:44:48.558224,93.0,84242.0,11107.0,67.0,420.129,532136055681.0
2025-08-31T23:44:48.658198,86.0,84242.0,11107.0,68.0,460.767,532136126027.0
2025-08-31T23:44:48.758192,86.0,84242.0,11107.0,68.0,512.601,532136191394.0
2025-08-31T23:44:48.858302,100.0,84242.0,11107.0,69.0,541.517,532136256111.0
2025-08-31T23:44:48.958164,100.0,84242.0,11107.0,70.0,581.403,532136324730.0
2025-08-31T23:44:49.058300,100.0,84242.0,11107.0,67.0,625.539,532136384488.0
2025-08-31T23:44:49.158223,100.0,84242.0,11107.0,63.0,622.648,532136420103.0
2025-08-31T23:44:49.258216,92.0,84242.0,11107.0,62.0,596.486,532136451588.0
2025-08-31T23:44:49.358148,92.0,84242.0,11107.0,63.0,567.501,532136487613.0
2025-08-31T23:44:49.458159,77.0,84242.0,11107.0,61.0,527.31,532136524229.0
2025-08-31T23:44:49.558069,77.0,84242.0,11107.0,66.0,511.347,532136576980.0
2025-08-31T23:44:49.658121,75.0,84242.0,11107.0,63.0,479.667,532136621754.0
2025-08-31T23:44:49.758652,75.0,84242.0,11107.0,65.0,474.211,532136667615.0
2025-08-31T23:44:49.858040,84.0,84242.0,11107.0,67.0,455.645,532136728743.0
2025-08-31T23:44:49.958068,87.0,84242.0,11107.0,62.0,414.513,532136766208.0
2025-08-31T23:44:50.058086,87.0,84242.0,11107.0,62.0,414.513,532136797425.0
2025-08-31T23:44:50.158119,87.0,84242.0,11107.0,60.0,408.32,532136797425.0
2025-08-31T23:44:50.257938,82.0,84242.0,11107.0,59.0,404.441,532136825119.0
2025-08-31T23:44:50.357945,82.0,84242.0,11107.0,58.0,398.937,532136853819.0
2025-08-31T23:44:50.463407,90.0,84242.0,11107.0,57.0,384.488,532136919798.0
2025-08-31T23:44:50.558128,90.0,84242.0,11107.0,65.0,402.894,532136973423.0
2025-08-31T23:44:50.658205,75.0,84242.0,11107.0,65.0,406.324,532137033487.0
2025-08-31T23:44:50.758222,75.0,84242.0,11107.0,67.0,425.936,532137102191.0
2025-08-31T23:44:50.858212,90.0,84242.0,11107.0,67.0,424.846,532137152887.0
2025-08-31T23:44:50.958165,90.0,84242.0,11107.0,68.0,448.324,532137223441.0
2025-08-31T23:44:51.058155,87.0,84242.0,11107.0,70.0,482.189,532137287512.0
2025-08-31T23:44:51.158170,87.0,84242.0,11107.0,69.0,526.099,532137357629.0
2025-08-31T23:44:51.258164,100.0,84242.0,11107.0,71.0,563.289,532137423197.0
2025-08-31T23:44:51.358161,100.0,84242.0,11107.0,70.0,605.024,532137493210.0
2025-08-31T23:44:51.458150,94.0,84242.0,11107.0,65.0,635.666,532137552106.0
2025-08-31T23:44:51.558154,94.0,84242.0,11107.0,63.0,614.359,532137585070.0
2025-08-31T23:44:51.658083,77.0,84242.0,11107.0,62.0,585.455,532137585070.0
2025-08-31T23:44:51.758154,77.0,84242.0,11107.0,62.0,558.583,532137619908.0
2025-08-31T23:44:51.858117,77.0,84242.0,11107.0,66.0,544.331,532137652644.0
2025-08-31T23:44:51.958187,77.0,84242.0,11107.0,66.0,533.695,532137697647.0
2025-08-31T23:44:52.058198,93.0,84242.0,11107.0,68.0,528.801,532137815716.0
2025-08-31T23:44:52.158079,93.0,84242.0,11107.0,68.0,499.197,532137870958.0
2025-08-31T23:44:52.258118,74.0,84242.0,11107.0,62.0,470.154,532137905237.0
2025-08-31T23:44:52.358163,74.0,84242.0,11107.0,62.0,431.992,532137938776.0
2025-08-31T23:44:52.458145,74.0,84242.0,11107.0,60.0,412.021,532137968218.0
2025-08-31T23:44:52.558125,84.0,84242.0,11107.0,59.0,408.686,532137997415.0
2025-08-31T23:44:52.658158,90.0,84242.0,11107.0,59.0,403.556,532138026462.0
2025-08-31T23:44:52.758171,90.0,84242.0,11107.0,58.0,397.835,532138055329.0
2025-08-31T23:44:52.858185,94.0,84242.0,11107.0,57.0,382.285,532138082721.0
2025-08-31T23:44:52.957899,94.0,84242.0,11107.0,57.0,346.391,532138110341.0
2025-08-31T23:44:53.058236,87.0,84242.0,11107.0,56.0,307.055,532138138038.0
2025-08-31T23:44:53.158038,87.0,84242.0,11107.0,60.0,316.265,532138173008.0
2025-08-31T23:44:53.258063,81.0,84242.0,11107.0,58.0,325.702,532138220131.0
2025-08-31T23:44:53.358112,81.0,84242.0,11107.0,63.0,353.837,532138278411.0
2025-08-31T23:44:53.458179,92.0,84242.0,11107.0,64.0,374.016,532138336584.0
2025-08-31T23:44:53.558200,92.0,84242.0,11107.0,63.0,409.127,532138380006.0
2025-08-31T23:44:53.658281,92.0,84242.0,11107.0,63.0,409.127,532138450012.0
2025-08-31T23:44:53.758155,85.0,84242.0,11107.0,67.0,453.953,532138450012.0
2025-08-31T23:44:53.858119,85.0,84242.0,11107.0,67.0,492.899,532138521121.0
2025-08-31T23:44:53.958197,100.0,84242.0,11107.0,68.0,533.689,532138654667.0
2025-08-31T23:44:54.058081,100.0,84242.0,11107.0,68.0,565.979,532138717807.0
2025-08-31T23:44:54.158220,100.0,84242.0,11107.0,69.0,615.315,532138789972.0
2025-08-31T23:44:54.258117,100.0,84242.0,11107.0,70.0,614.942,532138844352.0
2025-08-31T23:44:54.358198,100.0,84242.0,11107.0,63.0,587.993,532138874908.0
2025-08-31T23:44:54.457968,91.0,84242.0,11107.0,62.0,569.148,532138906671.0
2025-08-31T23:44:54.558037,74.0,84242.0,11107.0,61.0,563.676,532138949003.0
2025-08-31T23:44:54.658127,74.0,84242.0,11107.0,66.0,542.203,532139000054.0
2025-08-31T23:44:54.758096,82.0,84242.0,11107.0,63.0,521.131,532139041500.0
2025-08-31T23:44:54.858201,82.0,84242.0,11107.0,65.0,510.912,532139102165.0
2025-08-31T23:44:54.957996,86.0,84242.0,11107.0,67.0,497.118,532139151701.0
2025-08-31T23:44:55.058048,86.0,84242.0,11107.0,63.0,465.233,532139190699.0
2025-08-31T23:44:55.158099,83.0,84242.0,11107.0,61.0,412.962,532139221103.0
2025-08-31T23:44:55.257894,83.0,84242.0,11107.0,59.0,406.32,532139249780.0
2025-08-31T23:44:55.358177,86.0,84242.0,11107.0,59.0,403.456,532139278287.0
2025-08-31T23:44:55.458145,86.0,84242.0,11107.0,58.0,398.932,532139307653.0
2025-08-31T23:44:55.558209,86.0,84242.0,11107.0,58.0,398.932,532139335241.0
2025-08-31T23:44:55.657904,91.0,84242.0,11107.0,57.0,382.358,532139335241.0
2025-08-31T23:44:55.758075,91.0,84242.0,11107.0,56.0,356.14,532139363375.0
2025-08-31T23:44:55.858115,94.0,84242.0,11107.0,62.0,330.277,532139391023.0
2025-08-31T23:44:55.958253,94.0,84242.0,11107.0,62.0,326.162,532139483550.0
2025-08-31T23:44:56.058209,71.0,84242.0,11107.0,65.0,335.251,532139545092.0
2025-08-31T23:44:56.158290,71.0,84242.0,11107.0,65.0,368.475,532139594606.0
2025-08-31T23:44:56.258277,90.0,84242.0,11107.0,66.0,401.328,532139665517.0
2025-08-31T23:44:56.358249,90.0,84242.0,11107.0,67.0,450.955,532139732215.0
2025-08-31T23:44:56.458279,86.0,84242.0,11107.0,67.0,487.711,532139796909.0
2025-08-31T23:44:56.558252,86.0,84242.0,11107.0,69.0,517.241,532139861235.0
2025-08-31T23:44:56.658211,100.0,84242.0,11107.0,70.0,552.909,532139928008.0
2025-08-31T23:44:56.758216,100.0,84242.0,11107.0,70.0,592.339,532139997392.0
2025-08-31T23:44:56.858197,93.0,84242.0,11107.0,65.0,636.055,532140063957.0
2025-08-31T23:44:56.958226,93.0,84242.0,11107.0,65.0,636.055,532140099647.0
2025-08-31T23:44:57.058324,93.0,84242.0,11107.0,63.0,613.723,532140099647.0
2025-08-31T23:44:57.157524,78.0,84242.0,11107.0,62.0,587.967,532140132187.0
2025-08-31T23:44:57.257642,78.0,84242.0,11107.0,62.0,570.776,532140167020.0
2025-08-31T23:44:57.381924,75.0,84242.0,11107.0,61.0,537.954,532140204859.0
2025-08-31T23:44:57.458220,75.0,84242.0,11107.0,65.0,488.142,532140301766.0
2025-08-31T23:44:57.558125,83.0,84242.0,11107.0,65.0,475.961,532140347257.0
2025-08-31T23:44:57.658149,83.0,84242.0,11107.0,65.0,466.203,532140399585.0
2025-08-31T23:44:57.758092,80.0,84242.0,11107.0,63.0,431.008,532140442775.0
2025-08-31T23:44:57.858215,80.0,84242.0,11107.0,60.0,431.008,532140472721.0
2025-08-31T23:44:57.958072,85.0,84242.0,11107.0,59.0,402.394,532140502381.0
2025-08-31T23:44:58.058108,85.0,84242.0,11107.0,59.0,397.286,532140531660.0
2025-08-31T23:44:58.157968,89.0,84242.0,11107.0,58.0,392.877,532140559740.0
2025-08-31T23:44:58.258012,89.0,84242.0,11107.0,61.0,383.0,532140591662.0
2025-08-31T23:44:58.358109,74.0,84242.0,11107.0,64.0,399.849,532140644225.0
2025-08-31T23:44:58.458184,74.0,84242.0,11107.0,65.0,404.952,532140702867.0
2025-08-31T23:44:58.558203,90.0,84242.0,11107.0,62.0,421.329,532140768883.0
2025-08-31T23:44:58.658206,90.0,84242.0,11107.0,67.0,423.872,532140817825.0
2025-08-31T23:44:58.758197,90.0,84242.0,11107.0,67.0,423.872,532140884248.0
2025-08-31T23:44:58.858156,86.0,84242.0,11107.0,69.0,441.522,532140884248.0
2025-08-31T23:44:58.958114,86.0,84242.0,11107.0,68.0,483.409,532140952354.0
2025-08-31T23:44:59.058079,100.0,84242.0,11107.0,69.0,523.121,532141090989.0
2025-08-31T23:44:59.158199,100.0,84242.0,11107.0,70.0,605.598,532141159736.0
2025-08-31T23:44:59.258132,100.0,84242.0,11107.0,70.0,634.867,532141226432.0
2025-08-31T23:44:59.358113,100.0,84242.0,11107.0,65.0,613.4,532141262248.0
2025-08-31T23:44:59.458017,97.0,84242.0,11107.0,63.0,589.499,532141295802.0
2025-08-31T23:44:59.557973,97.0,84242.0,11107.0,62.0,555.647,532141328799.0
2025-08-31T23:44:59.658008,76.0,84242.0,11107.0,61.0,545.508,532141365992.0
2025-08-31T23:44:59.757548,76.0,84242.0,11107.0,63.0,529.494,532141408814.0
2025-08-31T23:44:59.857379,76.0,84242.0,11107.0,67.0,519.68,532141471054.0
2025-08-31T23:44:59.958064,85.0,84242.0,11107.0,63.0,480.024,532141505224.0
2025-08-31T23:45:00.058201,85.0,84242.0,11107.0,66.0,460.666,532141557083.0
2025-08-31T23:45:00.158314,77.0,84242.0,11107.0,65.0,435.807,532141603546.0
2025-08-31T23:45:00.258099,77.0,84242.0,11107.0,61.0,403.806,532141634122.0
2025-08-31T23:45:00.358023,77.0,84242.0,11107.0,59.0,396.958,532141663135.0
2025-08-31T23:45:00.469262,83.0,84242.0,11107.0,59.0,393.015,532141691998.0
2025-08-31T23:45:00.557923,83.0,84242.0,11107.0,59.0,393.015,532141691998.0
2025-08-31T23:45:00.658058,89.0,84242.0,11107.0,58.0,388.34,532141719440.0
2025-08-31T23:45:00.758194,89.0,84242.0,11107.0,57.0,374.492,532141746508.0
2025-08-31T23:45:00.858112,89.0,84242.0,11107.0,59.0,367.219,532141778925.0
2025-08-31T23:45:00.958150,89.0,84242.0,11107.0,64.0,373.649,532141887462.0
2025-08-31T23:45:01.058211,73.0,84242.0,11107.0,64.0,380.077,532141936457.0
2025-08-31T23:45:01.158214,73.0,84242.0,11107.0,65.0,392.087,532142003417.0
2025-08-31T23:45:01.258172,100.0,84242.0,11107.0,66.0,431.964,532142074305.0
2025-08-31T23:45:01.358145,100.0,84242.0,11107.0,68.0,468.277,532142142378.0
2025-08-31T23:45:01.458159,100.0,84242.0,11107.0,69.0,502.786,532142208189.0
2025-08-31T23:45:01.558512,100.0,84242.0,11107.0,70.0,557.609,532142278564.0
2025-08-31T23:45:01.658196,100.0,84242.0,11107.0,70.0,592.037,532142345999.0
2025-08-31T23:45:01.758257,100.0,84242.0,11107.0,71.0,630.682,532142411040.0
2025-08-31T23:45:01.858213,84.0,84242.0,11107.0,63.0,602.512,532142446622.0
2025-08-31T23:45:01.958177,84.0,84242.0,11107.0,62.0,583.484,532142480584.0
2025-08-31T23:45:02.058100,76.0,84242.0,11107.0,60.0,571.76,532142513934.0
2025-08-31T23:45:02.158000,76.0,84242.0,11107.0,60.0,534.278,532142552702.0
2025-08-31T23:45:02.258165,76.0,84242.0,11107.0,60.0,534.278,532142593599.0
2025-08-31T23:45:02.358082,66.0,84242.0,11107.0,65.0,505.455,532142593599.0
2025-08-31T23:45:02.458108,66.0,84242.0,11107.0,64.0,502.525,532142649701.0
2025-08-31T23:45:02.558034,88.0,84242.0,11107.0,64.0,488.361,532142704217.0
2025-08-31T23:45:02.657992,88.0,84242.0,11107.0,64.0,463.388,532142800204.0
2025-08-31T23:45:02.758075,77.0,84242.0,11107.0,61.0,439.999,532142833135.0
2025-08-31T23:45:02.858067,77.0,84242.0,11107.0,59.0,410.142,532142862046.0
2025-08-31T23:45:02.958123,85.0,84242.0,11107.0,59.0,408.74,532142890854.0
2025-08-31T23:45:03.058134,85.0,84242.0,11107.0,58.0,401.704,532142920291.0
2025-08-31T23:45:03.158057,90.0,84242.0,11107.0,57.0,394.836,532142946881.0
2025-08-31T23:45:03.258181,90.0,84242.0,11107.0,62.0,375.996,532142971586.0
2025-08-31T23:45:03.358193,65.0,84242.0,11107.0,64.0,373.118,532143026300.0
2025-08-31T23:45:03.458240,65.0,84242.0,11107.0,61.0,381.633,532143088461.0
2025-08-31T23:45:03.558214,65.0,84242.0,11107.0,61.0,381.633,532143135288.0
2025-08-31T23:45:03.658263,89.0,84242.0,11107.0,66.0,381.832,532143135288.0
2025-08-31T23:45:03.758204,89.0,84242.0,11107.0,67.0,403.781,532143203755.0
2025-08-31T23:45:03.858215,89.0,84242.0,11107.0,68.0,433.991,532143269845.0
2025-08-31T23:45:03.958163,89.0,84242.0,11107.0,68.0,471.179,532143338230.0
2025-08-31T23:45:04.058222,100.0,84242.0,11107.0,69.0,514.116,532143467531.0
2025-08-31T23:45:04.157982,100.0,84242.0,11107.0,68.0,581.696,532143529061.0
2025-08-31T23:45:04.258240,93.0,84242.0,11107.0,70.0,618.307,532143595823.0
2025-08-31T23:45:04.358228,93.0,84242.0,11107.0,67.0,618.365,532143647085.0
2025-08-31T23:45:04.458237,100.0,84242.0,11107.0,63.0,590.089,532143680174.0
2025-08-31T23:45:04.558144,77.0,84242.0,11107.0,62.0,579.263,532143714652.0
2025-08-31T23:45:04.658120,77.0,84242.0,11107.0,64.0,545.591,532143751857.0
2025-08-31T23:45:04.758274,79.0,84242.0,11107.0,63.0,527.427,532143799026.0
2025-08-31T23:45:04.858150,79.0,84242.0,11107.0,65.0,514.656,532143857505.0
2025-08-31T23:45:04.958092,81.0,84242.0,11107.0,65.0,498.151,532143908760.0
2025-08-31T23:45:05.058161,81.0,84242.0,11107.0,65.0,484.525,532143957376.0
2025-08-31T23:45:05.158042,80.0,84242.0,11107.0,60.0,459.069,532144002859.0
2025-08-31T23:45:05.258116,80.0,84242.0,11107.0,60.0,421.569,532144029801.0
2025-08-31T23:45:05.358059,74.0,84242.0,11107.0,60.0,405.19,532144059014.0
2025-08-31T23:45:05.458213,74.0,84242.0,11107.0,59.0,403.236,532144087804.0
2025-08-31T23:45:05.558156,88.0,84242.0,11107.0,58.0,395.398,532144116484.0
2025-08-31T23:45:05.657970,88.0,84242.0,11107.0,58.0,395.398,532144116484.0
2025-08-31T23:45:05.758189,88.0,84242.0,11107.0,57.0,381.74,532144143735.0
2025-08-31T23:45:05.858172,93.0,84242.0,11107.0,62.0,357.753,532144165804.0
2025-08-31T23:45:05.958232,93.0,84242.0,11107.0,64.0,354.458,532144267217.0
2025-08-31T23:45:06.058152,67.0,84242.0,11107.0,63.0,358.625,532144304674.0
2025-08-31T23:45:06.158259,67.0,84242.0,11107.0,66.0,362.831,532144371604.0
2025-08-31T23:45:06.258209,79.0,84242.0,11107.0,67.0,402.788,532144442981.0
2025-08-31T23:45:06.358154,79.0,84242.0,11107.0,68.0,439.652,532144509750.0
2025-08-31T23:45:06.458150,100.0,84242.0,11107.0,68.0,474.429,532144575533.0
2025-08-31T23:45:06.558187,100.0,84242.0,11107.0,70.0,511.203,532144646383.0
2025-08-31T23:45:06.658155,100.0,84242.0,11107.0,68.0,559.234,532144713832.0
2025-08-31T23:45:06.758202,100.0,84242.0,11107.0,69.0,593.046,532144773858.0
2025-08-31T23:45:06.858181,87.0,84242.0,11107.0,64.0,617.951,532144831183.0
2025-08-31T23:45:06.958029,87.0,84242.0,11107.0,63.0,600.957,532144866147.0
2025-08-31T23:45:07.058054,76.0,84242.0,11107.0,63.0,590.465,532144899753.0
2025-08-31T23:45:07.158032,76.0,84242.0,11107.0,64.0,562.783,532144934579.0
2025-08-31T23:45:07.258039,79.0,84242.0,11107.0,65.0,535.921,532144977412.0
2025-08-31T23:45:07.358013,79.0,84242.0,11107.0,62.0,522.502,532145031782.0
2025-08-31T23:45:07.457983,78.0,84242.0,11107.0,63.0,498.301,532145071735.0
2025-08-31T23:45:07.558084,78.0,84242.0,11107.0,67.0,473.433,532145118994.0
2025-08-31T23:45:07.658059,78.0,84242.0,11107.0,67.0,473.433,532145177088.0
2025-08-31T23:45:07.758047,89.0,84242.0,11107.0,62.0,463.973,532145177088.0
2025-08-31T23:45:07.857982,89.0,84242.0,11107.0,60.0,435.608,532145213245.0
2025-08-31T23:45:07.958013,82.0,84242.0,11107.0,59.0,408.982,532145242662.0
2025-08-31T23:45:08.057955,82.0,84242.0,11107.0,59.0,404.0,532145301283.0
2025-08-31T23:45:08.157980,89.0,84242.0,11107.0,58.0,399.965,532145330003.0
2025-08-31T23:45:08.258138,89.0,84242.0,11107.0,58.0,391.489,532145353359.0
2025-08-31T23:45:08.358132,74.0,84242.0,11107.0,64.0,374.363,532145406901.0
2025-08-31T23:45:08.458238,74.0,84242.0,11107.0,60.0,393.489,532145459124.0
2025-08-31T23:45:08.558054,95.0,84242.0,11107.0,58.0,376.232,532145487291.0
2025-08-31T23:45:08.658072,95.0,84242.0,11107.0,58.0,350.198,532145515013.0
2025-08-31T23:45:08.758224,90.0,84242.0,11107.0,57.0,333.748,532145543792.0
2025-08-31T23:45:08.858170,90.0,84242.0,11107.0,56.0,330.398,532145570454.0
2025-08-31T23:45:08.958179,93.0,84242.0,11107.0,55.0,325.546,532145592549.0
2025-08-31T23:45:09.058226,93.0,84242.0,11107.0,54.0,310.185,532145606518.0
2025-08-31T23:45:09.157969,19.0,84242.0,11107.0,53.0,295.333,532145620317.0
2025-08-31T23:45:09.257968,19.0,84242.0,11107.0,53.0,282.862,532145634166.0
2025-08-31T23:45:09.358269,0.0,84242.0,11107.0,52.0,244.819,532145647900.0
2025-08-31T23:45:09.458305,0.0,84242.0,11107.0,52.0,201.163,532145661713.0
2025-08-31T23:45:09.557625,0.0,84242.0,11107.0,52.0,186.75,532145675170.0
2025-08-31T23:45:09.658117,0.0,84242.0,11107.0,51.0,172.494,532145688668.0
2025-08-31T23:45:09.758189,0.0,84242.0,11107.0,51.0,159.796,532145702066.0
2025-08-31T23:45:09.858201,0.0,84242.0,11107.0,51.0,146.824,532145715547.0
2025-08-31T23:45:09.958207,0.0,84242.0,11107.0,51.0,136.25,532145728891.0
2025-08-31T23:45:10.058089,0.0,84242.0,11107.0,50.0,135.759,532145742311.0
2025-08-31T23:45:10.158176,0.0,84242.0,11107.0,50.0,135.301,532145742311.0
2025-08-31T23:45:10.258185,0.0,84242.0,11107.0,50.0,134.866,532145755611.0
2025-08-31T23:45:10.358284,0.0,84242.0,11107.0,50.0,134.477,532145769011.0
2025-08-31T23:45:10.458260,0.0,84242.0,11107.0,50.0,134.167,532145795802.0
2025-08-31T23:45:10.558203,0.0,84242.0,11107.0,50.0,134.045,532145809172.0
2025-08-31T23:45:10.658209,0.0,84242.0,11107.0,50.0,133.976,532145822600.0
2025-08-31T23:45:10.758248,0.0,84242.0,11107.0,50.0,133.938,532145835968.0
2025-08-31T23:45:10.858203,0.0,84242.0,11107.0,50.0,133.856,532145849332.0
2025-08-31T23:45:10.958158,0.0,84242.0,11107.0,49.0,133.808,532145862658.0
2025-08-31T23:45:11.058208,0.0,84242.0,11107.0,49.0,133.71,532145875995.0
2025-08-31T23:45:11.158174,0.0,84242.0,11107.0,49.0,133.724,532145889315.0
2025-08-31T23:45:11.258255,0.0,84242.0,11107.0,49.0,133.653,532145902620.0
2025-08-31T23:45:11.358200,0.0,84242.0,11107.0,49.0,133.586,532145915962.0
2025-08-31T23:45:11.458089,0.0,84242.0,11107.0,49.0,133.471,532145929244.0
2025-08-31T23:45:11.558210,0.0,84242.0,11107.0,49.0,133.373,532145942513.0
2025-08-31T23:45:11.658237,0.0,84242.0,11107.0,49.0,133.275,532145955801.0
2025-08-31T23:45:11.758148,0.0,84242.0,11107.0,49.0,133.173,532145969097.0
2025-08-31T23:45:11.858211,0.0,84242.0,11107.0,49.0,133.095,532145982349.0
2025-08-31T23:45:11.958224,0.0,84242.0,11107.0,49.0,132.986,532145995597.0
2025-08-31T23:45:12.058223,0.0,84242.0,11107.0,49.0,132.955,532146008848.0
2025-08-31T23:45:12.158254,0.0,84242.0,11107.0,49.0,132.862,532146022126.0
2025-08-31T23:45:12.258217,0.0,84242.0,11107.0,49.0,132.8,532146035313.0
2025-08-31T23:45:12.358211,0.0,84242.0,11107.0,49.0,132.747,532146048578.0
2025-08-31T23:45:12.458288,0.0,84242.0,11107.0,49.0,132.712,532146061844.0
2025-08-31T23:45:12.558091,0.0,84242.0,11107.0,49.0,132.675,532146075104.0
2025-08-31T23:45:12.658178,0.0,84242.0,11107.0,49.0,132.607,532146088328.0
2025-08-31T23:45:12.758266,0.0,84242.0,11107.0,49.0,132.525,532146088328.0
2025-08-31T23:45:12.858240,0.0,84242.0,11107.0,49.0,132.54,532146101529.0
2025-08-31T23:45:12.958172,0.0,84242.0,11107.0,49.0,132.516,532146114740.0
2025-08-31T23:45:13.058303,0.0,84242.0,11107.0,49.0,132.526,532146128017.0
